time,Speed pointer 1,RPM pointer 1,Gear pointer 1,
1650921065702,2.547414510445378e-07,1000.3894653320312,0,
1650921065720,2.0984695936476783e-07,1000.3888549804688,0,
1650921065735,1.2211692990149459e-07,1000.38818359375,0,
1650921065750,1.1794222132266441e-07,1000.3875122070312,0,
1650921065765,1.9686855523559643e-07,1000.3868408203125,0,
1650921065780,2.482417471583176e-07,1000.3862915039062,0,
1650921065795,1.9061651812535274e-07,1000.3856811523438,0,
1650921065810,9.682927526455387e-08,1000.3851318359375,0,
1650921065825,9.682927526455387e-08,1000.3851318359375,0,
1650921065840,9.538474898818095e-08,1000.384521484375,0,
1650921065855,1.8068863028020132e-07,1000.384033203125,0,
1650921065870,2.3830554596315778e-07,1000.3834838867188,0,
1650921065885,3.30339730680862e-07,1000.3829956054688,0,
1650921065900,3.977773701535625e-07,1000.3825073242188,0,
1650921065915,3.281721490111522e-07,1000.3819580078125,0,
1650921065930,2.2459391857410083e-07,1000.3814697265625,0,
1650921065945,2.14728274272602e-07,1000.3810424804688,0,
1650921065960,2.6416071818857745e-07,1000.380615234375,0,
1650921065975,2.6416071818857745e-07,1000.380615234375,0,
1650921065990,3.052988688523328e-07,1000.380126953125,0,
1650921066004,3.016342589035048e-07,1000.3796997070312,0,
1650921066019,2.2116240927516628e-07,1000.3792724609375,0,
1650921066034,1.2519396364041313e-07,1000.37890625,0,
1650921066049,1.2094973556031619e-07,1000.3785400390625,0,
1650921066064,2.0527740218767576e-07,1000.378173828125,0,
1650921066079,2.659729716469883e-07,1000.3778076171875,0,
1650921066094,2.1513911008241848e-07,1000.37744140625,0,
1650921066109,2.1513911008241848e-07,1000.37744140625,0,
1650921066124,1.2343437560957682e-07,1000.3770751953125,0,
1650921066139,1.1806684341308937e-07,1000.376708984375,0,
1650921066154,1.7418757636278315e-07,1000.37646484375,0,
1650921066169,3.0525413308168936e-07,1000.3761596679688,0,
1650921066184,3.9679659380453813e-07,1000.3758544921875,0,
1650921066199,3.355620208367327e-07,1000.3755493164062,0,
1650921066214,2.3469345933335717e-07,1000.3753051757812,0,
1650921066229,2.2785917508372222e-07,1000.375,0,
1650921066244,2.2785917508372222e-07,1000.3746948242188,0,
1650921066259,2.7575057970352645e-07,1000.3746948242188,0,
1650921066274,2.859234200514038e-07,1000.3743896484375,0,
1650921066289,2.0800760580641509e-07,1000.3740844726562,0,
1650921066304,1.1553155587762376e-07,1000.3739013671875,0,
1650921066319,1.1733494176269232e-07,1000.3736572265625,0,
1650921066334,2.0285810364839563e-07,1000.3734741210938,0,
1650921066349,2.8516515726551006e-07,1000.3732299804688,0,
1650921066364,3.0003857887095364e-07,1000.373046875,0,
1650921066379,3.0003857887095364e-07,1000.373046875,0,
1650921066393,1.9483732671687903e-07,1000.372802734375,0,
1650921066408,1.6973280025922577e-07,1000.37255859375,0,
1650921066423,3.085895627918944e-07,1000.3723754882812,0,
1650921066438,4.141130034440721e-07,1000.3721313476562,0,
1650921066453,3.9406765495186846e-07,1000.3719482421875,0,
1650921066468,3.172173705934256e-07,1000.3717041015625,0,
1650921066483,2.0197566641400044e-07,1000.3714599609375,0,
1650921066499,9.862815630867772e-08,1000.371337890625,0,
1650921066514,9.899244446387456e-08,1000.3712158203125,0,
1650921066529,1.9086306224380678e-07,1000.3710327148438,0,
1650921066544,2.5970581418732763e-07,1000.3709106445312,0,
1650921066559,1.936348610342975e-07,1000.3707275390625,0,
1650921066574,1.936348610342975e-07,1000.37060546875,0,
1650921066588,1.6738496810830839e-07,1000.37060546875,0,
1650921066603,2.5390642122147256e-07,1000.3704833984375,0,
1650921066618,3.2808767969072505e-07,1000.3703002929688,0,
1650921066633,3.3996582260442665e-07,1000.3701782226562,0,
1650921066648,3.1485797080677003e-07,1000.3700561523438,0,
1650921066663,2.0433910208339512e-07,1000.369873046875,0,
1650921066678,1.6259377844107803e-07,1000.3697509765625,0,
1650921066693,2.227409368060762e-07,1000.3695678710938,0,
1650921066708,2.227409368060762e-07,1000.3694458007812,0,
1650921066723,2.4035873025241017e-07,1000.3694458007812,0,
1650921066738,2.3529115367182385e-07,1000.3693237304688,0,
1650921066753,2.607911824270559e-07,1000.369140625,0,
1650921066768,2.4011612254071224e-07,1000.3690185546875,0,
1650921066783,1.5812968001682748e-07,1000.3688354492188,0,
1650921066799,9.88681918556722e-08,1000.3687744140625,0,
1650921066814,1.1906076480272532e-07,1000.3687133789062,0,
1650921066829,2.8395226081556757e-07,1000.36865234375,0,
1650921066843,2.8395226081556757e-07,1000.3685913085938,0,
1650921066858,4.2827687707358564e-07,1000.3685913085938,0,
1650921066873,3.7497545690712286e-07,1000.3684692382812,0,
1650921066888,2.1834321728420036e-07,1000.368408203125,0,
1650921066903,1.692613267323395e-07,1000.3683471679688,0,
1650921066918,2.1837600172602833e-07,1000.3682861328125,0,
1650921066933,2.07795892492868e-07,1000.3682250976562,0,
1650921066948,1.243007261564344e-07,1000.3681640625,0,
1650921066963,1.243007261564344e-07,1000.3680419921875,0,
1650921066978,7.1452859629062e-08,1000.3680419921875,0,
1650921066993,2.422452780592721e-07,1000.367919921875,0,
1650921067026,3.0810014095550287e-07,1000.3678588867188,0,
1650921067049,1.5148602017234225e-07,1000.36767578125,0,
1650921067069,1.3457928105253814e-07,1000.3676147460938,0,
1650921067084,2.0482039531088958e-07,1000.3675537109375,0,
1650921067099,2.2967952872932074e-07,1000.3674926757812,0,
1650921067114,2.5052273144865467e-07,1000.367431640625,0,
1650921067129,2.5052273144865467e-07,1000.367431640625,0,
1650921067144,3.0776163839618675e-07,1000.3673095703125,0,
1650921067159,3.1594478855367925e-07,1000.3671875,0,
1650921067174,2.798330740461097e-07,1000.3671264648438,0,
1650921067189,2.798330740461097e-07,1000.3671264648438,0,
1650921067204,1.897840462561362e-07,1000.3670654296875,0,
1650921067219,9.237266596073823e-08,1000.366943359375,0,
1650921067233,9.224546460018246e-08,1000.3668823242188,0,
1650921067248,1.834688987401023e-07,1000.3668212890625,0,
1650921067263,2.747970313521364e-07,1000.3667602539062,0,
1650921067278,2.969326544643991e-07,1000.36669921875,0,
1650921067293,2.1877922051771748e-07,1000.3665771484375,0,
1650921067308,2.1877922051771748e-07,1000.3665161132812,0,
1650921067323,1.1787137310648177e-07,1000.3665161132812,0,
1650921067340,1.0817554141340224e-07,1000.366455078125,0,
1650921067353,1.8651375910394563e-07,1000.3663940429688,0,
1650921067368,2.442769755361951e-07,1000.3663940429688,0,
1650921067383,1.9647811200229626e-07,1000.3663940429688,0,
1650921067398,1.0943638528715383e-07,1000.3663940429688,0,
1650921067413,1.0736420108514722e-07,1000.3663940429688,0,
1650921067428,1.0736420108514722e-07,1000.3663940429688,0,
1650921067443,1.8851866911973048e-07,1000.3663940429688,0,
1650921067458,1.8851866911973048e-07,1000.3663940429688,0,
1650921067473,1.8851866911973048e-07,1000.3663940429688,0,
1650921067488,1.8851866911973048e-07,1000.3663940429688,0,
1650921067503,9.281320956233685e-08,1000.3663940429688,0,
1650921067518,1.5368277672678232e-07,1000.3663940429688,0,
1650921067533,3.137099895411666e-07,1000.3663940429688,0,
1650921067548,4.770794248543098e-07,1000.3663940429688,0,
1650921067563,4.254036412021378e-07,1000.3663940429688,0,
1650921067578,2.2830745649571327e-07,1000.3663940429688,0,
1650921067593,2.2830745649571327e-07,1000.3663940429688,0,
1650921067608,1.3123101894052525e-07,1000.3663940429688,0,
1650921067623,1.79298737634781e-07,1000.3663940429688,0,
1650921067638,2.584451124221232e-07,1000.3663940429688,0,
1650921067653,2.8090059345231566e-07,1000.3663940429688,0,
1650921067667,2.1171068453895714e-07,1000.3663940429688,0,
1650921067685,1.2198680110486748e-07,1000.3663940429688,0,
1650921067703,1.2197885723708168e-07,1000.3663940429688,0,
1650921067728,2.6109017881026375e-07,1000.3663940429688,0,
1650921067742,2.6109017881026375e-07,1000.3663940429688,2,
1650921067757,2.070488847039087e-07,1000.3663940429688,2,
1650921067773,1.1483522399657886e-07,1000.3663940429688,2,
1650921067787,1.0993672105996666e-07,1000.3663940429688,2,
1650921067802,1.9092175307378056e-07,1000.3663940429688,2,
1650921067817,2.702357448924886e-07,1000.3663940429688,2,
1650921067832,2.5951206339414057e-07,1000.3663940429688,2,
1650921067847,2.549436146637163e-07,1000.3663940429688,2,
1650921067862,3.041984939500253e-07,1000.3663940429688,2,
1650921067877,3.2828361895553826e-07,1000.3663940429688,2,
1650921067892,3.0933938433008734e-07,1000.3663940429688,2,
1650921067907,3.0027658226572385e-07,1000.3663940429688,2,
1650921067922,3.0027658226572385e-07,1000.3663940429688,2,
1650921067937,2.8324825507297646e-07,1000.3663940429688,2,
1650921067952,2.0144058510140894e-07,1028.2545166015625,2,
1650921067967,1.0595583432859712e-07,1084.0308837890625,2,
1650921067982,1.0712096809584182e-07,1169.6683349609375,2,
1650921067997,1.9675707108035567e-07,1288.8743896484375,2,
1650921068012,2.623696673254017e-07,1446.95751953125,2,
1650921068027,2.623696673254017e-07,1617.1600341796875,2,
1650921068042,2.147556585896382e-07,1617.1600341796875,2,
1650921068057,1.2548488825814275e-07,1802.0780029296875,2,
1650921068072,1.2022903206343472e-07,2001.1103515625,2,
1650921068087,1.9910368109776755e-07,2213.445068359375,2,
1650921068103,2.515580774797854e-07,2437.73291015625,2,
1650921068118,1.9341224799518386e-07,2672.069580078125,2,
1650921068133,9.887973106970094e-08,2913.989990234375,2,
1650921068147,9.470711859194125e-08,3160.5078125,2,
1650921068162,1.5376134854250267e-07,3408.20654296875,2,
1650921068177,1.5376134854250267e-07,3408.20654296875,2,
1650921068192,3.128494086013234e-07,3654.259765625,2,
1650921068207,5.007876211493567e-07,3898.78662109375,2,
1650921068222,5.412875339061429e-07,4142.17578125,2,
1650921068237,4.1894890046023647e-07,4384.806640625,2,
1650921068252,2.3317522845900385e-07,4627.05224609375,2,
1650921068267,7.192655004928383e-08,4869.28076171875,2,
1650921068282,7.239214228071944e-10,5111.8564453125,2,
1650921068297,7.239214228071944e-10,5355.14501953125,2,
1650921068312,6.101026883698069e-08,5355.14501953125,2,
1650921068327,2.9039807714070776e-07,5845.3310546875,2,
1650921068342,2.553227602675179e-07,6092.9755859375,2,
1650921068357,1.6705234884284437e-07,6342.8330078125,2,
1650921068372,1.6705234884284437e-07,6595.29931640625,2,
1650921068387,1.5411421827593585e-07,6595.29931640625,2,
1650921068403,2.2121913900718937e-07,6850.7841796875,2,
1650921068418,2.6339370151617914e-07,7109.7138671875,2,
1650921068433,1.9977701981588325e-07,7372.533203125,2,
1650921068448,1.0444002640497274e-07,7639.70751953125,2,
1650921068463,1.0103295977614835e-07,7911.7294921875,2,
1650921068478,1.8563599724075175e-07,8189.11962890625,2,
1650921068492,2.438204944610334e-07,8472.431640625,2,
1650921068508,2.438204944610334e-07,8472.431640625,2,
1650921068523,1.6619448217625177e-07,8762.255859375,2,
1650921068538,1.5133223030261433e-07,8796.9697265625,2,
1650921068553,2.960289009479311e-07,8423.03515625,2,
1650921068568,4.03383836555804e-07,8345.7958984375,2,
1650921068583,3.831939636711468e-07,8271.521484375,2,
1650921068598,3.0322448196784535e-07,8197.859375,2,
1650921068613,1.837360628087481e-07,8124.7861328125,2,
1650921068628,1.837360628087481e-07,8414.8232421875,2,
1650921068643,7.851708261341628e-08,8414.8232421875,2,
1650921068658,7.777907029549169e-08,8703.0947265625,2,
1650921068673,1.6975417338471743e-07,8795.4755859375,2,
1650921068688,2.653873139024654e-07,8423.5048828125,2,
1650921068703,2.942564947261417e-07,8346.2763671875,2,
1650921068718,2.2120133280623122e-07,8271.998046875,2,
1650921068733,1.0263203620297645e-07,8198.33203125,2,
1650921068748,3.400650427920482e-08,8125.2548828125,2,
1650921068763,3.400650427920482e-08,8415.3037109375,2,
1650921068778,7.967359039184885e-08,8415.3037109375,2,
1650921068792,1.977495855953748e-07,8703.5859375,2,
1650921068807,2.7371288524591364e-07,8795.48828125,2,
1650921068822,2.3071200416779902e-07,8423.5009765625,2,
1650921068837,1.4073113163703965e-07,8346.2724609375,2,
1650921068852,1.312598669755971e-07,8271.994140625,2,
1650921068868,1.8091405706854857e-07,8198.328125,2,
1650921068883,3.075264771723596e-07,8125.2509765625,2,
1650921068898,3.9763494896760676e-07,8415.2998046875,2,
1650921068913,3.3656070286269824e-07,8703.58203125,2,
1650921068928,2.3571156759771839e-07,8795.48828125,2,
1650921068943,2.2854601411381736e-07,8423.5009765625,2,
1650921068958,2.5274428594457277e-07,8346.2724609375,2,
1650921068973,2.5274428594457277e-07,8346.2724609375,2,
1650921068988,1.959756872338403e-07,8271.994140625,2,
1650921069003,1.0914232717595951e-07,8198.328125,2,
1650921069018,1.1277899858441742e-07,8125.2509765625,2,
1650921069033,2.0412839774053282e-07,8415.2998046875,2,
1650921069047,2.652205637332372e-07,8703.58203125,2,
1650921069062,2.1040648334746948e-07,8795.48828125,2,
1650921069078,1.165100940170305e-07,8423.5009765625,2,
1650921069093,1.1033601055032705e-07,8346.2724609375,2,
1650921069108,1.1033601055032705e-07,8271.994140625,2,
1650921069123,1.9018530394987465e-07,8271.994140625,2,
1650921069138,2.434734938105976e-07,8198.328125,2,
1650921069153,1.8793348033341317e-07,8125.2509765625,2,
1650921069168,9.620566743251402e-08,8415.2998046875,2,
1650921069183,9.387392196913424e-08,8703.58203125,2,
1650921069197,1.7784377348561975e-07,8795.48828125,2,
1650921069212,2.1063708288693306e-07,8423.5009765625,2,
1650921069227,2.1063708288693306e-07,8423.5009765625,2,
1650921069242,2.3432413343016378e-07,8346.2724609375,2,
1650921069257,2.92832339710003e-07,8271.994140625,2,
1650921069272,3.2088934176499606e-07,8198.328125,2,
1650921069287,3.0333583822539367e-07,8125.2509765625,2,
1650921069302,2.911936292093742e-07,8415.2998046875,2,
1650921069317,2.693302008083265e-07,8703.58203125,2,
1650921069332,1.8347625996284478e-07,8795.48828125,2,
1650921069347,8.858380340370786e-08,8423.5009765625,2,
1650921069362,8.858380340370786e-08,8346.2724609375,2,
1650921069377,9.210033624640346e-08,8346.2724609375,2,
1650921069392,1.847650992203853e-07,8271.994140625,2,
1650921069408,2.5147329552055453e-07,8198.328125,2,
1650921069422,2.06145216452569e-07,8125.2509765625,2,
1650921069437,1.041041599592063e-07,8415.2998046875,2,
1650921069452,7.076061336874773e-08,8703.58203125,2,
1650921069467,1.126169308918179e-07,8795.48828125,2,
1650921069482,1.2562465201426676e-07,8423.5009765625,2,
1650921069497,1.779395404355455e-07,8346.2724609375,2,
1650921069512,1.779395404355455e-07,8346.2724609375,2,
1650921069527,2.1502749802948529e-07,8271.994140625,2,
1650921069542,2.3599469045620936e-07,8125.2509765625,2,
1650921069557,1.3320841674158146e-07,8415.2998046875,2,
1650921069572,1.3320841674158146e-07,8703.58203125,2,
1650921069587,2.2740598737414075e-08,8703.58203125,2,
1650921069602,6.317073797390549e-08,8795.48828125,2,
1650921069617,1.8789661737628194e-07,8423.5009765625,2,
1650921069632,2.8105770866204693e-07,8346.2724609375,2,
1650921069647,3.383087516795058e-07,8271.994140625,2,
1650921069662,2.719162353059801e-07,8198.328125,2,
1650921069677,1.0495877944549648e-07,8125.2509765625,2,
1650921069692,7.755839703804668e-08,8415.2998046875,2,
1650921069707,7.755839703804668e-08,8415.2998046875,2,
1650921069722,1.679598966575213e-07,8703.58203125,2,
1650921069736,2.5338977138744667e-07,8795.48828125,2,
1650921069751,2.9083162189635914e-07,8423.5009765625,2,
1650921069766,2.9963624115225684e-07,8346.2724609375,2,
1650921069781,2.9533651968449703e-07,8271.994140625,2,
1650921069796,2.8234083515599195e-07,8198.328125,2,
1650921069811,2.8234083515599195e-07,8125.2509765625,2,
1650921069826,2.666297689302155e-07,8125.2509765625,2,
1650921069841,2.5494000510661863e-07,8415.2998046875,2,
1650921069856,2.4873810389181017e-07,8703.58203125,2,
1650921069871,2.2314623038255377e-07,8795.48828125,2,
1650921069886,1.3282318889196176e-07,8423.5009765625,2,
1650921069901,3.418686844725016e-08,8346.2724609375,2,
1650921069916,5.4096734203312735e-08,8271.994140625,2,
1650921069931,7.318015349255802e-08,8198.328125,2,
1650921069946,5.054803242643402e-09,8125.2509765625,2,
1650921069961,5.054803242643402e-09,8125.2509765625,2,
1650921069976,3.651739177712443e-08,8415.2998046875,2,
1650921069991,1.5355458060639648e-07,8703.58203125,2,
1650921070006,2.4810941567920963e-07,8795.48828125,2,
1650921070021,2.8402115503922687e-07,8423.5009765625,2,
1650921070036,2.8281618824621546e-07,8346.2724609375,2,
1650921070051,2.6869125235862157e-07,8271.994140625,2,
1650921070066,2.530291283164843e-07,8198.328125,2,
1650921070081,2.3993891318241367e-07,8125.2509765625,2,
1650921070097,2.316251084266696e-07,8415.2998046875,2,
1650921070112,2.316251084266696e-07,8415.2998046875,2,
1650921070127,2.2883197914325137e-07,8703.58203125,2,
1650921070142,2.3014700900603202e-07,8795.48828125,2,
1650921070157,2.3365336687675153e-07,8423.5009765625,2,
1650921070172,2.58977934208815e-07,8346.2724609375,2,
1650921070187,1.9631217185178684e-07,8271.994140625,2,
1650921070202,4.4969318935272895e-08,8198.328125,2,
1650921070217,3.8429654125593515e-08,8125.2509765625,2,
1650921070232,1.494800727641632e-07,8415.2998046875,2,
1650921070247,2.492039357093745e-07,8703.58203125,2,
1650921070262,2.9330027473406517e-07,8795.48828125,2,
1650921070277,3.0115117510831624e-07,8423.5009765625,2,
1650921070292,2.9296512593646185e-07,8346.2724609375,2,
1650921070307,2.9296512593646185e-07,8271.994140625,2,
1650921070322,2.9873632456656196e-07,8271.994140625,2,
1650921070337,2.1697371721529635e-07,8198.328125,2,
1650921070352,5.082723930627253e-08,8125.2509765625,2,
1650921070367,3.627210176659901e-08,8415.2998046875,2,
1650921070382,1.4350722210565436e-07,8703.58203125,2,
1650921070397,2.439120407871087e-07,8795.48828125,2,
1650921070412,2.907394218709669e-07,8423.5009765625,2,
1650921070428,3.006378221925843e-07,8346.2724609375,2,
1650921070443,3.148050211621012e-07,8271.994140625,2,
1650921070458,3.148050211621012e-07,8198.328125,2,
1650921070473,2.3429005580055673e-07,8198.328125,2,
1650921070488,6.55417764505728e-08,8125.2509765625,2,
1650921070503,4.5416612692861236e-08,8415.2998046875,2,
1650921070519,1.4886886390286236e-07,8703.58203125,2,
1650921070534,0.4527800977230072,8716.109375,2,
1650921070549,0.9734488725662231,8264.7431640625,2,
1650921070564,1.5434914827346802,7950.009765625,2,
1650921070579,2.128519058227539,7559.4755859375,2,
1650921070594,2.671531915664673,7092.05908203125,2,
1650921070609,2.671531915664673,7092.05908203125,2,
1650921070624,3.170722007751465,6548.36083984375,2,
1650921070639,3.6459553241729736,6338.9541015625,2,
1650921070654,4.113858699798584,6120.9423828125,2,
1650921070669,4.579386234283447,6142.92578125,2,
1650921070684,5.044107437133789,6219.3134765625,2,
1650921070699,5.509561538696289,6296.11376953125,2,
1650921070714,5.9755659103393555,6373.447265625,2,
1650921070729,6.441826820373535,6451.38818359375,2,
1650921070744,6.441826820373535,6451.38818359375,2,
1650921070759,6.9082159996032715,6530.048828125,2,
1650921070774,7.374772548675537,6609.50048828125,2,
1650921070789,7.841437816619873,6689.77099609375,2,
1650921070803,8.308046340942383,6770.91455078125,2,
1650921070819,8.774548530578613,6853.0126953125,2,
1650921070834,9.240907669067383,6936.12255859375,2,
1650921070849,9.707169532775879,7020.30029296875,2,
1650921070864,10.173319816589355,7105.57861328125,2,
1650921070879,10.63935661315918,7192.01123046875,2,
1650921070894,10.63935661315918,7192.01123046875,2,
1650921070909,11.105340003967285,7279.650390625,2,
1650921070924,11.57129955291748,7368.53173828125,2,
1650921070939,12.037249565124512,7458.7041015625,2,
1650921070954,12.50305461883545,7550.2177734375,2,
1650921070969,12.968709945678711,7643.16796875,2,
1650921070984,13.434490203857422,7737.62109375,2,
1650921070999,13.900317192077637,7833.57373046875,2,
1650921071014,14.36608600616455,7931.10791015625,2,
1650921071029,14.831816673278809,8030.32421875,2,
1650921071044,15.297694206237793,8131.2939453125,2,
1650921071059,15.76362419128418,8234.048828125,2,
1650921071074,16.2296199798584,8338.6923828125,2,
1650921071089,16.2296199798584,8338.6923828125,2,
1650921071104,16.695804595947266,8445.3115234375,2,
1650921071119,17.162160873413086,8553.9619140625,2,
1650921071134,17.62856674194336,8621.1416015625,2,
1650921071149,18.09502410888672,8333.7548828125,2,
1650921071164,18.56161880493164,8143.77978515625,2,
1650921071179,19.028520584106445,7955.5810546875,2,
1650921071194,19.49562644958496,7768.48779296875,2,
1650921071209,19.49562644958496,7582.5126953125,2,
1650921071224,19.96283531188965,7582.5126953125,2,
1650921071239,20.43010711669922,7679.84912109375,2,
1650921071254,20.897546768188477,7773.9560546875,2,
1650921071268,21.365314483642578,7869.63037109375,2,
1650921071283,21.833343505859375,7966.81591796875,2,
1650921071298,22.30154037475586,8065.599609375,2,
1650921071313,22.76979637145996,8166.078125,2,
1650921071328,23.23826026916504,8268.3603515625,2,
1650921071343,23.23826026916504,8268.3603515625,2,
1650921071358,23.70700454711914,8372.490234375,2,
1650921071373,24.176025390625,8478.5322265625,2,
1650921071388,24.64542007446289,8586.580078125,2,
1650921071403,25.11536407470703,8626.7421875,2,
1650921071418,25.586132049560547,8333.1162109375,2,
1650921071433,26.058338165283203,8141.38134765625,2,
1650921071448,26.533409118652344,7951.10595703125,2,
1650921071463,27.011743545532227,7761.26513671875,2,
1650921071478,27.011743545532227,7761.26513671875,2,
1650921071493,27.977685928344727,7664.45166015625,2,
1650921071508,28.462905883789062,7753.314453125,2,
1650921071522,28.462905883789062,7753.314453125,2,
1650921071537,28.949125289916992,7843.38330078125,2,
1650921071552,29.436237335205078,7934.6728515625,2,
1650921071568,29.924028396606445,8027.27294921875,2,
1650921071583,30.412574768066406,8121.29736328125,2,
1650921071598,30.901779174804688,8216.794921875,2,
1650921071613,31.391765594482422,8313.8603515625,2,
1650921071628,31.882587432861328,8412.5380859375,2,
1650921071643,32.37398147583008,8512.884765625,2,
1650921071658,32.86656951904297,8604.63671875,2,
1650921071673,32.86656951904297,8604.63671875,2,
1650921071688,33.36336135864258,8322.5908203125,2,
1650921071703,33.86465072631836,8123.34765625,2,
1650921071719,34.371376037597656,7924.66796875,2,
1650921071733,34.884544372558594,7725.78173828125,2,
1650921071748,35.40530014038086,7526.41064453125,2,
1650921071763,35.930023193359375,7607.41845703125,2,
1650921071778,36.45689010620117,7683.966796875,2,
1650921071793,36.45689010620117,7761.220703125,2,
1650921071808,36.985225677490234,7761.220703125,2,
1650921071823,37.51488494873047,7839.31591796875,2,
1650921071838,38.04593276977539,7918.33203125,2,
1650921071853,38.57828140258789,7998.296875,2,
1650921071868,39.11196517944336,8079.28125,2,
1650921071883,39.64702224731445,8161.3203125,2,
1650921071898,40.18340301513672,8244.455078125,2,
1650921071913,40.72097396850586,8328.75,2,
1650921071928,40.72097396850586,8414.2958984375,2,
1650921071943,41.259857177734375,8414.2958984375,2,
1650921071958,41.79993438720703,8501.12109375,2,
1650921071973,42.3424072265625,8588.40625,2,
1650921071988,42.894290924072266,8305.205078125,2,
1650921072003,43.456485748291016,8090.33203125,2,
1650921072018,44.032100677490234,7874.4794921875,2,
1650921072033,44.624183654785156,7656.40234375,2,
1650921072048,45.23545455932617,7435.302734375,2,
1650921072063,45.23545455932617,7490.00244140625,2,
1650921072078,45.85612869262695,7490.00244140625,2,
1650921072093,47.11123275756836,7586.48291015625,2,
1650921072108,47.74346923828125,7634.1630859375,2,
1650921072123,47.74346923828125,7681.79931640625,2,
1650921072138,48.37812042236328,7681.79931640625,2,
1650921072153,49.014732360839844,7729.498046875,2,
1650921072168,49.652679443359375,7777.392578125,2,
1650921072182,50.291160583496094,7825.65966796875,2,
1650921072197,50.92933654785156,7874.5263671875,2,
1650921072212,51.56583786010742,7924.220703125,2,
1650921072227,52.1995735168457,7975.1318359375,3,
1650921072242,52.82963562011719,8027.57080078125,3,
1650921072257,52.82963562011719,8027.57080078125,3,
1650921072272,52.9201545715332,7956.84765625,3,
1650921072287,52.57720947265625,7885.70849609375,3,
1650921072302,52.362579345703125,7815.13037109375,3,
1650921072317,52.31574630737305,7745.1162109375,3,
1650921072332,52.31669235229492,7675.662109375,3,
1650921072347,52.301998138427734,7606.76220703125,3,
1650921072362,52.27000045776367,7538.41357421875,3,
1650921072378,52.234130859375,7470.61083984375,3,
1650921072393,52.234130859375,7403.35009765625,3,
1650921072408,52.20119857788086,7403.35009765625,3,
1650921072423,52.17060470581055,7336.62744140625,3,
1650921072438,52.40728759765625,7191.0595703125,3,
1650921072453,52.76050567626953,6966.64208984375,3,
1650921072468,53.21743392944336,6664.0,3,
1650921072483,53.77420425415039,6283.75927734375,3,
1650921072498,54.36070251464844,5910.720703125,3,
1650921072513,54.841896057128906,5677.7724609375,3,
1650921072528,55.08220672607422,5517.23876953125,3,
1650921072543,55.08220672607422,5517.23876953125,3,
1650921072558,55.10490798950195,5468.955078125,3,
1650921072573,55.15426254272461,5524.75341796875,3,
1650921072588,55.335391998291016,5609.4541015625,3,
1650921072602,55.624290466308594,5691.123046875,3,
1650921072617,55.97732162475586,5760.69677734375,3,
1650921072632,56.356781005859375,5811.00830078125,3,
1650921072647,56.74412536621094,5853.55126953125,3,
1650921072662,56.74412536621094,5893.92724609375,3,
1650921072677,57.13383865356445,5893.92724609375,3,
1650921072692,57.524288177490234,5933.79736328125,3,
1650921072707,57.91508865356445,5973.64306640625,3,
1650921072722,58.305789947509766,6013.56201171875,3,
1650921072737,58.696571350097656,6053.70654296875,3,
1650921072752,59.08761215209961,6094.04296875,3,
1650921072767,59.478973388671875,6134.50634765625,3,
1650921072782,59.87055587768555,6175.09521484375,3,
1650921072797,60.2626953125,6215.83837890625,3,
1650921072812,60.2626953125,6215.83837890625,3,
1650921072827,60.655067443847656,6256.6455078125,3,
1650921072842,61.047916412353516,6297.6123046875,3,
1650921072857,61.44122314453125,6338.68359375,3,
1650921072872,61.83504104614258,6379.86767578125,3,
1650921072887,62.229427337646484,6421.1533203125,3,
1650921072902,62.62432861328125,6462.53662109375,3,
1650921072917,63.01984786987305,6504.03564453125,3,
1650921072932,63.41597366333008,6545.63134765625,3,
1650921072947,63.81278610229492,6587.328125,3,
1650921072962,64.21025085449219,6629.1171875,3,
1650921072977,64.60838317871094,6671.0029296875,3,
1650921072992,65.00723266601562,6713.00537109375,3,
1650921073007,65.00723266601562,6755.1005859375,3,
1650921073022,65.40677642822266,6755.1005859375,3,
1650921073037,65.80717468261719,6797.31787109375,3,
1650921073052,66.20831298828125,6839.60546875,3,
1650921073067,66.61026000976562,6882.01123046875,3,
1650921073082,67.01304626464844,6924.521484375,3,
1650921073097,67.41654205322266,6967.13134765625,3,
1650921073112,67.82096862792969,7009.890625,3,
1650921073127,68.22623443603516,7052.74462890625,3,
1650921073142,68.22623443603516,7095.71728515625,3,
1650921073157,68.63236999511719,7095.71728515625,3,
1650921073172,69.0394515991211,7138.8212890625,3,
1650921073187,69.44749450683594,7182.037109375,3,
1650921073203,69.85636901855469,7225.3564453125,3,
1650921073218,70.2662582397461,7268.84130859375,3,
1650921073233,70.67716217041016,7312.44775390625,3,
1650921073248,71.08902740478516,7356.1669921875,3,
1650921073263,71.50188446044922,7400.0390625,3,
1650921073278,71.91584777832031,7444.0625,3,
1650921073293,71.91584777832031,7444.0625,3,
1650921073308,72.33080291748047,7488.20458984375,3,
1650921073324,72.74693298339844,7532.5126953125,3,
1650921073339,73.16407012939453,7576.94140625,4,
1650921073354,73.58243560791016,7621.54638671875,4,
1650921073369,73.26939392089844,7553.97998046875,4,
1650921073384,72.9397201538086,7486.06005859375,4,
1650921073399,72.759033203125,7418.67626953125,4,
1650921073414,72.6917495727539,7351.83056640625,4,
1650921073429,72.6917495727539,7285.51904296875,4,
1650921073444,72.66107177734375,7285.51904296875,4,
1650921073459,72.62847900390625,7219.73779296875,4,
1650921073474,72.58673858642578,7154.48291015625,4,
1650921073489,72.54024505615234,7089.74853515625,4,
1650921073504,72.49353790283203,7025.5322265625,4,
1650921073518,72.44778442382812,6961.8291015625,4,
1650921073533,72.57048034667969,6819.2568359375,4,
1650921073549,72.82162475585938,6597.810546875,4,
1650921073564,73.16753387451172,6298.1171875,4,
1650921073579,73.6097412109375,5920.80029296875,4,
1650921073594,73.85074615478516,5721.85400390625,4,
1650921073609,73.76714324951172,5591.00244140625,4,
1650921073624,73.76714324951172,5598.61865234375,4,
1650921073639,73.61481475830078,5598.61865234375,4,
1650921073654,73.57212829589844,5660.08251953125,4,
1650921073669,73.65690612792969,5716.466796875,4,
1650921073684,73.8295669555664,5762.05029296875,4,
1650921073698,74.06761932373047,5809.95947265625,4,
1650921073713,74.35173797607422,5853.67138671875,4,
1650921073728,74.65404510498047,5882.4384765625,4,
1650921073743,74.9599609375,5905.3994140625,4,
1650921073758,74.9599609375,5905.3994140625,4,
1650921073773,75.26467895507812,5927.25927734375,4,
1650921073788,75.56723022460938,5949.54931640625,4,
1650921073803,75.86800384521484,5972.56689453125,4,
1650921073818,76.16812896728516,5996.20556640625,4,
1650921073833,76.46846008300781,6020.11669921875,4,
1650921073848,76.76901245117188,6044.00146484375,4,
1650921073863,76.76901245117188,6067.8564453125,4,
1650921073878,77.0695571899414,6067.8564453125,4,
1650921073893,77.67049407958984,6115.74755859375,4,
1650921073908,77.97107696533203,6139.77490234375,4,
1650921073923,78.27191925048828,6163.8271484375,4,
1650921073938,78.27191925048828,6163.8271484375,4,
1650921073953,78.57283782958984,6187.83740234375,4,
1650921073968,78.87378692626953,6211.884765625,4,
1650921073983,79.17488098144531,6235.97607421875,4,
1650921073998,79.47611236572266,6260.0791015625,4,
1650921074013,79.77742004394531,6284.2001953125,4,
1650921074028,80.07889556884766,6308.35546875,4,
1650921074043,80.38054656982422,6332.51513671875,4,
1650921074058,80.38054656982422,6356.6875,4,
1650921074073,80.68231201171875,6356.6875,4,
1650921074088,80.98421478271484,6380.88232421875,4,
1650921074103,81.2862777709961,6405.1044921875,4,
1650921074118,81.5884780883789,6429.3427734375,4,
1650921074133,81.8909683227539,6453.60693359375,4,
1650921074148,82.19361877441406,6477.84619140625,4,
1650921074163,82.4964828491211,6502.1015625,4,
1650921074178,82.79931640625,6526.37158203125,4,
1650921074193,82.79931640625,6550.7158203125,4,
1650921074208,83.10246276855469,6550.7158203125,4,
1650921074223,83.4057846069336,6575.04443359375,4,
1650921074238,83.70921325683594,6599.3876953125,4,
1650921074253,84.01283264160156,6623.7841796875,4,
1650921074268,84.31670379638672,6648.19921875,4,
1650921074283,84.62071228027344,6672.61572265625,4,
1650921074299,84.92501831054688,6697.0634765625,4,
1650921074314,85.22948455810547,6721.50146484375,4,
1650921074329,85.22948455810547,6745.97998046875,4,
1650921074344,85.53404235839844,6745.97998046875,4,
1650921074359,85.8388442993164,6770.52587890625,4,
1650921074373,86.14401245117188,6795.072265625,4,
1650921074388,86.44932556152344,6819.5986328125,4,
1650921074403,86.75479125976562,6844.1689453125,4,
1650921074418,87.06048583984375,6868.7900390625,4,
1650921074433,87.36646270751953,6893.42919921875,4,
1650921074448,87.67269134521484,6918.0830078125,4,
1650921074464,87.97915649414062,6942.7490234375,4,
1650921074479,87.97915649414062,6942.7490234375,4,
1650921074494,88.2857666015625,6967.45263671875,4,
1650921074508,88.59273529052734,6992.20947265625,4,
1650921074523,89.20731353759766,7041.74072265625,4,
1650921074538,89.20731353759766,7041.74072265625,4,
1650921074553,89.5150146484375,7066.5712890625,4,
1650921074568,89.8230209350586,7091.4189453125,4,
1650921074583,90.1312484741211,7116.27734375,4,
1650921074598,90.43973541259766,7141.1875,4,
1650921074613,90.74854278564453,7166.1279296875,4,
1650921074628,91.05765533447266,7191.080078125,4,
1650921074643,91.36695098876953,7216.06298828125,4,
1650921074658,91.36695098876953,7241.10791015625,4,
1650921074674,91.67655944824219,7241.10791015625,4,
1650921074689,91.98656463623047,7266.18505859375,4,
1650921074704,92.29685974121094,7291.259765625,4,
1650921074719,92.60738372802734,7316.3642578125,4,
1650921074734,92.9181900024414,7341.5361328125,4,
1650921074749,93.22943878173828,7366.748046875,4,
1650921074763,93.54104614257812,7391.94970703125,4,
1650921074778,93.85291290283203,7417.18212890625,4,
1650921074793,93.85291290283203,7417.18212890625,4,
1650921074808,94.16499328613281,7442.46630859375,4,
1650921074824,94.47742462158203,7467.82470703125,4,
1650921074839,94.79037475585938,7493.22119140625,4,
1650921074854,95.10356903076172,7518.59228515625,4,
1650921074869,95.41703796386719,7544.03466796875,5,
1650921074884,95.73100280761719,7569.5390625,5,
1650921074899,95.49200439453125,7502.234375,5,
1650921074914,95.21405029296875,7434.72705078125,5,
1650921074929,95.21405029296875,7367.7529296875,5,
1650921074944,95.02886962890625,7367.7529296875,5,
1650921074959,94.92217254638672,7301.31494140625,5,
1650921074974,94.85199737548828,7235.40771484375,5,
1650921074989,94.79044342041016,7170.02734375,5,
1650921075004,94.72738647460938,7105.1689453125,5,
1650921075019,94.66179656982422,7040.82958984375,5,
1650921075034,94.59508514404297,6977.00439453125,5,
1650921075049,94.52839660644531,6913.68896484375,5,
1650921075063,94.57892608642578,6771.50146484375,5,
1650921075078,94.57892608642578,6771.50146484375,5,
1650921075093,94.73707580566406,6550.4375,5,
1650921075108,95.20442199707031,5973.35498046875,5,
1650921075123,95.20442199707031,5843.78466796875,5,
1650921075138,95.19525909423828,5843.78466796875,5,
1650921075154,95.02323150634766,5791.55859375,5,
1650921075169,94.87327575683594,5818.72021484375,5,
1650921075184,94.82734680175781,5863.97509765625,5,
1650921075199,94.87716674804688,5900.1962890625,5,
1650921075214,94.99382781982422,5930.1708984375,5,
1650921075229,95.16561126708984,5963.490234375,5,
1650921075244,95.37789916992188,5992.66845703125,5,
1650921075259,95.6039047241211,6008.58935546875,5,
1650921075274,95.6039047241211,6008.58935546875,5,
1650921075289,95.82916259765625,6020.037109375,5,
1650921075304,96.05078125,6031.7412109375,5,
1650921075318,96.26994323730469,6044.60302734375,5,
1650921075333,96.48810577392578,6058.23681640625,5,
1650921075348,96.70580291748047,6072.17919921875,5,
1650921075363,96.92362213134766,6086.2578125,5,
1650921075378,97.14151000976562,6100.29248046875,5,
1650921075393,97.14151000976562,6114.279296875,5,
1650921075408,97.359619140625,6114.279296875,5,
1650921075423,97.57752990722656,6128.16650390625,5,
1650921075439,97.79519653320312,6142.1025390625,5,
1650921075454,98.01274871826172,6156.10009765625,5,
1650921075468,98.23027801513672,6170.1240234375,5,
1650921075483,98.4478759765625,6184.1240234375,5,
1650921075498,98.6654281616211,6198.0791015625,5,
1650921075513,98.88289642333984,6212.03173828125,5,
1650921075528,98.88289642333984,6225.99951171875,5,
1650921075544,99.10030364990234,6225.99951171875,5,
1650921075559,99.31757354736328,6239.966796875,5,
1650921075574,99.53485870361328,6253.9560546875,5,
1650921075589,99.75218963623047,6267.9189453125,5,
1650921075604,99.969482421875,6281.85302734375,5,
1650921075619,100.18670654296875,6295.7783203125,5,
1650921075635,100.40377807617188,6309.70263671875,5,
1650921075650,100.62078094482422,6323.666015625,5,
1650921075665,100.83787536621094,6337.61767578125,5,
1650921075680,100.83787536621094,6351.54345703125,5,
1650921075695,101.054931640625,6351.54345703125,5,
1650921075710,101.48882293701172,6379.3427734375,5,
1650921075725,101.70562744140625,6393.27392578125,5,
1650921075740,101.70562744140625,6407.2060546875,5,
1650921075755,101.9222640991211,6407.2060546875,5,
1650921075770,102.13894653320312,6421.1669921875,5,
1650921075785,102.3556137084961,6435.09814453125,5,
1650921075800,102.572265625,6449.015625,5,
1650921075815,102.78876495361328,6462.9140625,5,
1650921075830,103.00516510009766,6476.8486328125,5,
1650921075845,103.22161865234375,6490.7890625,5,
1650921075860,103.43791961669922,6504.69580078125,5,
1650921075875,103.43791961669922,6518.630859375,5,
1650921075890,103.65426635742188,6518.630859375,5,
1650921075905,103.87046813964844,6532.541015625,5,
1650921075920,104.08670043945312,6546.47705078125,5,
1650921075935,104.30293273925781,6560.38525390625,5,
1650921075950,104.51905822753906,6574.27783203125,5,
1650921075965,104.73517608642578,6588.17578125,5,
1650921075980,104.95111083984375,6602.064453125,5,
1650921075994,105.16697692871094,6616.0078125,5,
1650921076009,105.16697692871094,6616.0078125,5,
1650921076024,105.3829116821289,6629.93994140625,5,
1650921076039,105.5988540649414,6643.84130859375,5,
1650921076054,105.81470489501953,6657.720703125,5,
1650921076069,106.03035736083984,6671.62353515625,5,
1650921076084,106.24603271484375,6685.57470703125,5,
1650921076099,106.46176147460938,6699.4951171875,5,
1650921076114,106.677490234375,6713.38916015625,5,
1650921076129,106.677490234375,6713.38916015625,5,
1650921076144,107.108642578125,6741.171875,5,
1650921076159,107.32372283935547,6755.0869140625,5,
1650921076174,107.53893280029297,6768.98828125,5,
1650921076189,107.53893280029297,6782.85205078125,5,
1650921076204,107.7542953491211,6782.85205078125,5,
1650921076219,107.9697265625,6796.73828125,5,
1650921076234,108.18515014648438,6810.64404296875,5,
1650921076249,108.40054321289062,6824.5419921875,5,
1650921076264,108.61597442626953,6838.42626953125,5,
1650921076279,108.83120727539062,6852.296875,5,
1650921076294,109.04634094238281,6866.21533203125,5,
1650921076309,109.26145935058594,6880.166015625,5,
1650921076324,109.47663116455078,6894.1044921875,5,
1650921076339,109.47663116455078,6894.1044921875,5,
1650921076354,109.6810531616211,6908.01611328125,5,
1650921076369,109.76260375976562,6921.869140625,5,
1650921076384,109.87284088134766,6934.99560546875,5,
1650921076398,110.03785705566406,6943.6982421875,5,
1650921076413,110.25757598876953,6947.2490234375,5,
1650921076428,110.49947357177734,6953.25927734375,5,
1650921076443,110.7261962890625,6958.83349609375,5,
1650921076458,110.93724060058594,6969.34814453125,5,
1650921076473,110.93724060058594,6985.0947265625,5,
1650921076488,111.13970947265625,6985.0947265625,5,
1650921076503,111.34273529052734,7003.63037109375,5,
1650921076518,111.551025390625,7021.85546875,5,
1650921076533,111.76356506347656,7038.2802734375,5,
1650921076548,111.97611236572266,7053.26806640625,5,
1650921076563,112.18981170654297,7067.884765625,5,
1650921076578,112.40343475341797,7082.47314453125,5,
1650921076593,112.61734771728516,7097.06298828125,5,
1650921076608,112.83171081542969,7111.52294921875,5,
1650921076623,112.83171081542969,7111.52294921875,5,
1650921076638,113.04630279541016,7125.8193359375,5,
1650921076653,113.26092529296875,7140.0166015625,5,
1650921076668,113.47555541992188,7154.19287109375,5,
1650921076683,113.69034576416016,7168.3349609375,5,
1650921076698,113.90541076660156,7182.41015625,5,
1650921076713,114.12052154541016,7196.37646484375,5,
1650921076728,114.33573150634766,7210.314453125,5,
1650921076743,114.551025390625,7224.20263671875,5,
1650921076758,114.551025390625,7224.20263671875,5,
1650921076773,114.76590728759766,7238.05615234375,5,
1650921076788,114.98092651367188,7252.01904296875,5,
1650921076803,115.19617462158203,7265.94287109375,5,
1650921076818,115.41142272949219,7279.78759765625,5,
1650921076833,115.62657165527344,7293.611328125,5,
1650921076849,115.84148406982422,7307.46337890625,5,
1650921076863,116.05641174316406,7321.3828125,5,
1650921076878,116.27132415771484,7335.310546875,5,
1650921076893,116.27132415771484,7335.310546875,5,
1650921076908,116.48629760742188,7349.22802734375,5,
1650921076923,116.70132446289062,7363.13232421875,5,
1650921076939,116.91615295410156,7377.01220703125,5,
1650921076954,117.1309814453125,7390.95654296875,5,
1650921076969,117.34579467773438,7404.9091796875,5,
1650921076984,117.56061553955078,7418.8583984375,5,
1650921076999,117.77555084228516,7432.81884765625,5,
1650921077014,117.9903564453125,7446.7333984375,5,
1650921077029,117.9903564453125,7446.7333984375,5,
1650921077044,118.20521545410156,7460.697265625,5,
1650921077059,118.63481903076172,7488.6357421875,5,
1650921077074,118.84970092773438,7502.61083984375,5,
1650921077089,118.84970092773438,7502.61083984375,5,
1650921077104,119.0644760131836,7516.57373046875,6,
1650921077118,119.2791519165039,7530.5859375,6,
1650921077133,119.0674819946289,7463.49853515625,6,
1650921077148,118.81231689453125,7396.30029296875,6,
1650921077163,118.61762237548828,7329.63330078125,6,
1650921077178,118.47908782958984,7263.49951171875,6,
1650921077193,118.37168884277344,7197.89404296875,6,
1650921077208,118.37168884277344,7132.8134765625,6,
1650921077223,118.27577209472656,7132.8134765625,6,
1650921077238,118.18192291259766,7068.2529296875,6,
1650921077254,118.08761596679688,7004.20849609375,6,
1650921077269,117.99303436279297,6940.67578125,6,
1650921077284,117.89840698242188,6877.65087890625,6,
1650921077298,117.88627624511719,6735.75146484375,6,
1650921077313,117.94635772705078,6514.97314453125,6,
1650921077328,118.07331848144531,6215.94140625,6,
1650921077343,118.27104949951172,5839.28173828125,6,
1650921077358,118.27104949951172,5839.28173828125,6,
1650921077373,118.3997573852539,5561.5537109375,6,
1650921077388,118.3047103881836,5464.67822265625,6,
1650921077403,118.12809753417969,5454.8837890625,6,
1650921077418,118.01577758789062,5487.8740234375,6,
1650921077434,117.99794006347656,5518.5546875,6,
1650921077449,118.04590606689453,5537.6484375,6,
1650921077464,118.13701629638672,5553.96728515625,6,
1650921077478,118.25444030761719,5566.62646484375,6,
1650921077493,118.25444030761719,5566.62646484375,6,
1650921077508,118.37648010253906,5571.185546875,6,
1650921077523,4.770853042602539,5574.29345703125,6,
1650921077538,2.4772961139678955,5578.72119140625,6,
1650921077553,2.059133291244507,5349.88916015625,6,
1650921077568,1.6634173393249512,5121.0927734375,6,
1650921077583,1.4030804634094238,4890.60400390625,6,
1650921077598,0.9336749911308289,4658.74951171875,2,
1650921077613,1.9070719480514526,4425.84716796875,2,
1650921077628,2.4313671588897705,4192.224609375,2,
1650921077643,2.6739888191223145,4149.6435546875,2,
1650921077658,2.61692476272583,4108.91455078125,2,
1650921077673,2.61692476272583,4108.91455078125,2,
1650921077688,2.4684531688690186,4068.523681640625,2,
1650921077703,2.2505218982696533,4028.45556640625,2,
1650921077718,2.0179591178894043,3988.707763671875,2,
1650921077733,1.779759168624878,3949.277587890625,2,
1650921077748,1.53667151927948,3910.16259765625,2,
1650921077763,1.289896845817566,3871.3603515625,2,
1650921077777,1.0819064378738403,3832.868408203125,2,
1650921077792,1.0819064378738403,3794.68408203125,2,
1650921077807,0.8935568332672119,3794.68408203125,2,
1650921077822,0.6956669688224792,3677.42626953125,2,
1650921077838,0.4900282621383667,3481.0927734375,2,
1650921077853,0.27828505635261536,3229.411376953125,2,
1650921077868,0.060805849730968475,3142.2451171875,2,
1650921077883,0.1620171070098877,3055.989013671875,2,
1650921077898,0.38964614272117615,2969.56982421875,2,
1650921077913,0.6216256618499756,2923.55712890625,2,
1650921077928,0.85734623670578,2917.943115234375,2,
1650921077944,0.85734623670578,2917.943115234375,2,
1650921077959,1.0960649251937866,2952.448974609375,2,
1650921077974,1.336938738822937,3026.92431640625,2,
1650921077989,1.5792441368103027,3141.33447265625,2,
1650921078003,1.8221290111541748,3277.22998046875,2,
1650921078019,2.0650384426116943,3371.597900390625,2,
1650921078034,2.307488441467285,3424.368408203125,2,
1650921078049,1.5697163343429565,3435.76318359375,2,
1650921078064,0.23558953404426575,3406.0048828125,2,
1650921078079,0.011866007000207901,3312.545166015625,2,
1650921078093,0.044558487832546234,3189.685302734375,2,
1650921078108,0.11704482138156891,3061.128173828125,2,
1650921078123,0.1145365908741951,2926.083251953125,2,
1650921078138,0.1145365908741951,2926.083251953125,2,
1650921078153,0.11018896847963333,2784.6103515625,2,
1650921078168,0.10146024078130722,2636.71240234375,2,
1650921078183,0.047146026045084,2482.044677734375,2,
1650921078198,0.012029031291604042,2194.258544921875,2,
1650921078213,0.026887321844697,1798.7010498046875,2,
1650921078228,0.03277265653014183,1520.371337890625,2,
1650921078243,0.04260918125510216,1250.71044921875,2,
1650921078258,0.060123272240161896,1000.0,2,
1650921078273,0.060123272240161896,1000.0,2,
1650921078288,0.10542729496955872,1000.0,2,
1650921078303,0.10591035336256027,1000.0,2,
1650921078318,0.9514259099960327,1000.0097045898438,2,
1650921078333,1.2616877555847168,1000.0193481445312,2,
1650921078348,1.133643388748169,1000.029052734375,2,
1650921078363,0.9962125420570374,1000.0385131835938,2,
1650921078378,0.944445788860321,1000.0477294921875,2,
1650921078393,0.9693530797958374,1000.0567016601562,2,
1650921078408,0.9693530797958374,1000.0567016601562,2,
1650921078423,1.0351338386535645,1000.0653686523438,2,
1650921078438,1.0468698740005493,1000.0737915039062,2,
1650921078453,0.9886031746864319,1000.08203125,2,
1650921078467,0.9242562651634216,1000.0899658203125,2,
1650921078482,0.9184885025024414,1000.0977172851562,2,
1650921078497,0.9407445192337036,1000.105224609375,2,
1650921078512,0.9360150694847107,1000.1124877929688,2,
1650921078527,0.9035980701446533,1000.11962890625,2,
1650921078542,0.9035980701446533,1000.11962890625,2,
1650921078557,0.8755505681037903,1000.1265258789062,2,
1650921078573,0.864562451839447,1000.1332397460938,2,
1650921078588,0.8578387498855591,1000.1398315429688,2,
1650921078602,0.8434016108512878,1000.1461181640625,2,
1650921078617,0.8239015936851501,1000.15234375,2,
1650921078632,0.8068166375160217,1000.1583251953125,2,
1650921078647,0.7932654023170471,1000.1641235351562,2,
1650921078662,0.779561460018158,1000.1697998046875,2,
1650921078677,0.779561460018158,1000.1697998046875,2,
1650921078692,0.7638754844665527,1000.17529296875,2,
1650921078707,0.7475908398628235,1000.1806030273438,2,
1650921078722,0.7321501970291138,1000.185791015625,2,
1650921078737,0.7172510623931885,1000.1907958984375,2,
1650921078752,0.7172510623931885,1000.1956787109375,2,
1650921078767,0.686388373374939,1000.200439453125,2,
1650921078782,0.6707509756088257,1000.205078125,2,
1650921078797,0.6553050875663757,1000.2095947265625,2,
1650921078812,0.639890193939209,1000.2139892578125,2,
1650921078827,0.639890193939209,1000.2139892578125,2,
1650921078842,0.6243491172790527,1000.2182006835938,2,
1650921078857,0.6087246537208557,1000.2223510742188,2,
1650921078872,0.5931269526481628,1000.2263793945312,2,
1650921078887,0.5775524973869324,1000.2302856445312,2,
1650921078902,0.5619634985923767,1000.2340698242188,2,
1650921078917,0.5463360548019409,1000.23779296875,2,
1650921078932,0.5306798219680786,1000.2413940429688,2,
1650921078947,0.515032172203064,1000.244873046875,2,
1650921078962,0.49939048290252686,1000.2482299804688,2,
1650921078976,0.4837248623371124,1000.25146484375,2,
1650921078991,0.4680435359477997,1000.2546997070312,2,
1650921079006,0.45236456394195557,1000.2578125,2,
1650921079021,0.45236456394195557,1000.2578125,2,
1650921079036,0.4366789758205414,1000.2608642578125,2,
1650921079052,0.42097997665405273,1000.2637939453125,2,
1650921079067,0.40528568625450134,1000.2666625976562,2,
1650921079082,0.3895798921585083,1000.2694091796875,2,
1650921079097,0.37385958433151245,1000.2720947265625,2,
1650921079112,0.35814744234085083,1000.2747192382812,2,
1650921079127,0.3424367308616638,1000.2772827148438,2,
1650921079142,0.32671448588371277,1000.27978515625,2,
1650921079157,0.32671448588371277,1000.27978515625,2,
1650921079172,0.3109831213951111,1000.2821655273438,2,
1650921079187,0.2952563762664795,1000.2844848632812,2,
1650921079202,0.2795308232307434,1000.2867431640625,2,
1650921079216,0.26379820704460144,1000.2889404296875,2,
1650921079231,0.24806322157382965,1000.2910766601562,2,
1650921079246,0.23232963681221008,1000.2931518554688,2,
1650921079261,0.2165897786617279,1000.2952270507812,2,
1650921079276,0.2165897786617279,1000.2971801757812,2,
1650921079291,0.20084725320339203,1000.2971801757812,2,
1650921079306,0.18510288000106812,1000.299072265625,2,