time,speed,rpm,gear
1659745666505,0.0,1000.1,2
1659745666519,0.0,1000.1,2
1659745666533,0.0,1000.1,2
1659745666554,0.0,1000.1,2
1659745666568,0.0,1000.1,2
1659745666589,0.0,1000.1,2
1659745666603,0.0,1000.1,2
1659745666617,0.0,1000.1,2
1659745666638,0.0,1000.1,2
1659745666651,0.0,1000.1,2
1659745666673,0.0,1000.1,2
1659745666687,0.0,1000.1,2
1659745666701,0.0,1000.1,2
1659745666721,0.0,1000.1,2
1659745666736,0.0,1000.1,2
1659745666749,0.0,1000.1,2
1659745666771,0.0,1000.1,2
1659745666785,0.0,1000.1,2
1659745666806,0.0,1000.1,2
1659745666820,0.0,1000.1,2
1659745666834,0.0,1000.1,2
1659745666855,0.0,1000.1,2
1659745666869,0.0,1000.1,2
1659745666889,0.0,1000.1,2
1659745666903,0.0,1000.1,2
1659745666917,0.0,1000.1,2
1659745666938,0.0,1000.1,2
1659745666952,0.0,1000.1,2
1659745666967,0.0,1000.1,2
1659745666988,0.0,1000.1,2
1659745667001,0.0,1000.1,2
1659745667022,0.0,1000.1,2
1659745667036,0.0,1000.1,2
1659745667050,0.0,1000.1,2
1659745667071,0.0,1000.1,2
1659745667085,0.0,1000.1,2
1659745667106,0.0,1000.1,2
1659745667120,0.0,1000.1,2
1659745667134,0.0,1000.1,2
1659745667155,0.0,1000.1,2
1659745667169,0.0,1000.1,2
1659745667183,0.0,1000.1,2
1659745667204,0.0,1000.1,2
1659745667218,0.0,1000.1,2
1659745667239,0.0,1000.1,2
1659745667253,0.0,1000.1,2
1659745667267,0.0,1000.1,2
1659745667288,0.0,1000.1,2
1659745667302,0.0,1000.1,2
1659745667323,0.0,1000.1,2
1659745667337,0.0,1000.1,2
1659745667350,0.0,1000.1,2
1659745667366,0.0,1000.1,2
1659745667388,0.0,1000.1,2
1659745667402,0.0,1000.1,2
1659745667416,0.0,1000.1,2
1659745667437,0.0,1000.1,2
1659745667451,0.0,1000.1,2
1659745667472,0.0,1000.1,2
1659745667486,0.0,1000.1,2
1659745667500,0.0,1000.1,2
1659745667521,0.0,1000.1,2
1659745667535,0.0,1000.1,2
1659745667557,0.0,1000.1,2
1659745667571,0.0,1000.1,2
1659745667585,0.0,1000.1,2
1659745667606,0.0,1000.1,2
1659745667621,0.0,1000.1,2
1659745667635,0.0,1000.1,2
1659745667656,0.0,1000.1,2
1659745667670,0.0,1000.1,2
1659745667683,0.0,1000.1,2
1659745667704,0.0,1000.1,2
1659745667718,0.0,1000.1,2
1659745667739,0.0,1000.1,2
1659745667753,0.0,1000.1,2
1659745667767,0.0,1000.1,2
1659745667788,0.0,1037.92,2
1659745667802,0.0,1113.58,2
1659745667816,0.0,1230.73,2
1659745667837,0.0,1396.21,2
1659745667851,0.0,1618.79,2
1659745667872,0.0,1863.4,2
1659745667886,0.65,1754.0,2
1659745667900,1.31,1681.41,2
1659745667920,1.7,1611.29,2
1659745667935,2.41,1546.55,2
1659745667956,2.82,1515.26,2
1659745667970,3.52,1566.54,2
1659745667984,3.83,1535.88,2
1659745668005,4.58,1616.8,2
1659745668019,4.95,1572.95,2
1659745668033,5.67,1640.99,2
1659745668054,6.03,1610.52,2
1659745668068,6.77,1682.41,2
1659745668090,7.15,1646.72,2
1659745668104,7.93,1715.99,2
1659745668118,8.27,1673.05,2
1659745668139,9.08,1757.6,2
1659745668153,9.46,1705.69,2
1659745668167,10.29,1779.64,2
1659745668188,10.6,1726.08,2
1659745668202,11.49,1822.31,2
1659745668216,11.82,1754.67,2
1659745668237,12.57,1845.26,2
1659745668251,12.94,1818.64,2
1659745668272,13.53,1903.65,2
1659745668286,13.91,1926.95,2
1659745668300,14.51,2008.44,2
1659745668321,14.92,2036.18,2
1659745668335,15.62,2117.06,2
1659745668356,16.01,2121.85,2
1659745668370,16.66,2212.29,2
1659745668384,17.08,2234.9,2
1659745668404,17.78,2322.86,2
1659745668418,18.16,2335.05,2
1659745668439,18.8,2438.52,2
1659745668453,19.24,2472.6,2
1659745668467,19.95,2563.5,2
1659745668488,20.32,2579.53,2
1659745668501,21.01,2693.72,2
1659745668523,21.42,2721.12,2
1659745668536,22.13,2821.77,2
1659745668550,22.53,2846.13,2
1659745668572,23.22,2951.7,2
1659745668586,23.62,2984.12,2
1659745668600,24.36,3089.72,2
1659745668621,24.78,3107.04,2
1659745668634,25.45,3208.62,2
1659745668656,25.88,3243.06,2
1659745668669,26.6,3342.89,2
1659745668684,27.03,3361.26,2
1659745668705,27.7,3457.93,2
1659745668720,28.11,3492.72,2
1659745668733,28.85,3593.91,2
1659745668754,29.29,3606.24,2
1659745668769,29.93,3698.58,2
1659745668783,30.37,3740.41,2
1659745668804,31.07,3832.99,2
1659745668818,31.53,3853.8,2
1659745668833,32.18,3939.28,2
1659745668854,32.59,3977.74,2
1659745668868,33.34,4078.65,2
1659745668889,33.77,4086.66,2
1659745668903,34.39,4179.54,2
1659745668917,34.85,4225.72,2
1659745668938,35.55,4310.26,2
1659745668952,36.0,4334.01,2
1659745668966,36.62,4421.58,2
1659745668988,37.09,4467.89,2
1659745669002,37.79,4549.82,2
1659745669023,38.24,4574.26,2
1659745669037,38.85,4661.37,2
1659745669051,39.34,4711.94,2
1659745669072,40.02,4788.67,2
1659745669086,40.47,4818.27,2
1659745669100,41.08,4907.51,2
1659745669120,41.59,4957.98,2
1659745669135,42.27,5032.58,2
1659745669155,42.7,5063.6,2
1659745669170,43.35,5158.63,2
1659745669185,43.83,5202.19,2
1659745669205,44.5,5283.94,2
1659745669219,44.97,5318.8,2
1659745669233,45.58,5408.06,2
1659745669254,46.08,5462.63,2
1659745669268,46.76,5540.66,2
1659745669289,47.22,5577.7,2
1659745669304,47.85,5670.16,2
1659745669318,48.35,5722.61,2
1659745669338,49.04,5805.11,2
1659745669352,49.5,5840.01,2
1659745669366,50.12,5937.0,2
1659745669387,50.65,5994.48,2
1659745669401,51.33,6071.68,2
1659745669422,51.78,6115.84,2
1659745669436,52.45,6217.15,2
1659745669450,52.94,6266.74,2
1659745669471,53.65,6358.9,2
1659745669486,54.11,6398.77,2
1659745669499,54.76,6501.03,2
1659745669521,55.29,6561.63,2
1659745669535,56.0,6647.93,2
1659745669556,56.46,6692.42,2
1659745669570,57.15,6802.56,2
1659745669584,57.65,6856.09,2
1659745669605,58.39,6956.08,2
1659745669619,58.86,7000.35,2
1659745669633,59.54,7112.05,2
1659745669654,60.08,7176.72,2
1659745669668,60.82,7274.14,2
1659745669689,61.29,7321.67,2
1659745669703,62.02,7444.67,2
1659745669717,62.53,7500.58,2
1659745669738,63.31,7614.33,2
1659745669753,63.79,7663.38,2
1659745669766,64.52,7789.61,2
1659745669787,65.05,7856.54,2
1659745669801,65.86,7973.94,2
1659745669822,66.33,8024.56,2
1659745669836,67.11,8163.97,2
1659745669850,67.64,8228.88,2
1659745669871,68.47,8357.46,2
1659745669885,68.86,8255.92,2
1659745669899,68.12,8152.96,2
1659745669920,68.09,8051.12,1
1659745669934,67.94,7950.42,1
1659745669955,67.81,7850.84,1
1659745669969,67.92,7752.37,3
1659745669983,67.85,7655.01,3
1659745670004,67.81,7558.72,3
1659745670018,68.03,7336.79,3
1659745670033,68.52,6989.19,3
1659745670054,68.98,6517.31,3
1659745670068,69.57,5922.54,3
1659745670088,70.11,5576.18,3
1659745670103,70.01,5346.99,3
1659745670117,70.04,5363.53,3
1659745670138,69.99,5375.23,3
1659745670152,70.1,5457.99,3
1659745670166,70.4,5527.1,3
1659745670187,70.75,5578.62,3
1659745670201,71.2,5634.44,3
1659745670222,71.58,5659.5,3
1659745670236,71.96,5703.39,3
1659745670250,72.41,5754.53,3
1659745670271,72.84,5775.56,3
1659745670285,73.22,5811.32,3
1659745670306,73.65,5855.12,3
1659745670320,74.09,5894.91,3
1659745670334,74.53,5919.9,3
1659745670355,74.92,5953.67,3
1659745670369,75.34,5995.47,3
1659745670383,75.8,6038.18,3
1659745670404,76.26,6059.91,3
1659745670419,76.63,6088.7,3
1659745670433,77.07,6137.19,3
1659745670454,77.52,6174.9,3
1659745670467,77.96,6200.56,3
1659745670489,78.37,6235.76,3
1659745670503,78.78,6273.1,3
1659745670517,79.24,6320.32,3
1659745670538,79.7,6347.24,3
1659745670552,80.11,6378.51,3
1659745670566,80.52,6418.54,3
1659745670587,80.99,6467.93,3
1659745670601,81.46,6490.02,3
1659745670621,81.85,6520.75,3
1659745670635,82.28,6566.78,3
1659745670650,82.76,6611.59,3
1659745670671,83.22,6634.83,3
1659745670685,83.63,6668.81,3
1659745670699,84.05,6712.84,3
1659745670720,84.53,6761.85,3
1659745670734,85.01,6784.49,3
1659745670755,85.41,6815.44,3
1659745670769,85.86,6864.47,3
1659745670783,86.34,6908.11,3
1659745670804,86.8,6933.07,3
1659745670819,87.23,6971.51,3
1659745670839,87.66,7012.36,3
1659745670854,88.14,7062.21,3
1659745670867,88.63,7090.07,3
1659745670888,89.05,7124.18,3
1659745670903,89.49,7169.51,3
1659745670917,89.99,7219.23,3
1659745670938,90.48,7243.13,3
1659745670952,90.9,7279.15,3
1659745670966,91.36,7327.68,3
1659745670987,91.86,7374.04,3
1659745671001,92.34,7400.32,3
1659745671022,92.78,7439.86,3
1659745671036,93.25,7486.36,3
1659745671051,93.74,7532.05,3
1659745671072,94.23,7564.51,3
1659745671086,94.69,7603.75,3
1659745671100,95.14,7647.02,3
1659745671121,95.65,7701.29,3
1659745671135,96.17,7732.16,3
1659745671149,96.62,7765.29,3
1659745671170,97.08,7814.62,3
1659745671184,97.62,7871.1,3
1659745671205,98.12,7890.91,3
1659745671221,98.57,7934.93,3
1659745671235,99.08,7987.04,3
1659745671250,99.58,8032.06,3
1659745671271,100.11,8067.36,3
1659745671285,100.57,8108.14,3
1659745671299,101.06,8158.55,3
1659745671320,101.59,8212.06,3
1659745671335,102.13,8245.05,3
1659745671356,102.12,8143.69,3
1659745671370,101.56,8041.97,3
1659745671384,101.34,7941.37,1
1659745671405,101.22,7841.9,1
1659745671419,101.05,7743.53,1
1659745671433,101.03,7646.26,4
1659745671455,100.94,7550.07,4
1659745671468,100.93,7454.96,4
1659745671482,101.05,7234.19,4
1659745671503,101.27,6887.73,4
1659745671517,101.62,6556.85,4
1659745671540,101.55,6380.07,4
1659745671554,101.37,6337.15,4
1659745671567,101.12,6329.84,4
1659745671588,100.99,6378.23,4
1659745671603,101.01,6424.94,4
1659745671616,101.08,6458.24,4
1659745671639,101.31,6512.58,4
1659745671652,101.6,6550.05,4
1659745671666,101.86,6590.72,4
1659745671687,102.24,6640.26,4
1659745671701,102.58,6652.62,4
1659745671723,102.98,6678.19,4
1659745671737,103.26,6683.74,4
1659745671751,103.6,6729.71,4
1659745671772,103.98,6753.92,4
1659745671786,104.36,6769.84,4
1659745671800,104.65,6779.28,4
1659745671821,105.0,6825.77,4
1659745671836,105.38,6846.19,4
1659745671849,105.76,6865.01,4
1659745671871,106.06,6873.21,4
1659745671885,106.38,6918.67,4
1659745671906,106.8,6946.56,4
1659745671920,107.18,6955.69,4
1659745671934,107.45,6967.28,4
1659745671956,107.81,7019.36,4
1659745671970,108.19,7037.31,4
1659745671984,108.59,7057.45,4
1659745672005,108.89,7064.5,4
1659745672018,109.21,7110.93,4
1659745672033,109.65,7142.06,4
1659745672054,110.01,7146.28,4
1659745672068,110.29,7163.08,4
1659745672089,110.68,7216.96,4
1659745672103,111.05,7227.9,4
1659745672117,111.44,7252.95,4
1659745672138,111.74,7265.66,4
1659745672153,112.1,7311.0,4
1659745672166,112.49,7334.37,4
1659745672187,112.9,7352.82,4
1659745672202,113.18,7360.49,4
1659745672216,113.55,7415.22,4
1659745672237,113.96,7434.3,4
1659745672251,114.35,7448.61,4
1659745672272,114.66,7463.66,4
1659745672286,115.02,7509.59,4
1659745672301,115.4,7532.88,4
1659745672322,115.82,7557.36,4
1659745672336,116.11,7565.11,4
1659745672350,116.47,7616.28,4
1659745672371,116.91,7641.67,4
1659745672385,117.3,7652.2,4
1659745672406,117.59,7667.29,4
1659745672420,117.98,7720.55,4
1659745672435,118.38,7737.99,4
1659745672455,118.79,7762.48,4
1659745672470,119.09,7771.35,4
1659745672483,119.46,7823.76,4
1659745672505,119.9,7848.47,4
1659745672519,120.3,7861.68,4
1659745672533,120.6,7876.51,4
1659745672554,120.99,7930.36,4
1659745672568,121.39,7949.81,4
1659745672589,121.82,7974.6,4
1659745672604,122.13,7982.65,4
1659745672617,122.51,8037.4,4
1659745672638,122.95,8062.08,4
1659745672652,123.35,8074.51,4
1659745672666,123.67,8091.86,4
1659745672688,124.06,8145.25,4
1659745672703,124.48,8165.36,4
1659745672716,124.9,8190.2,4
1659745672737,125.21,8202.1,4
1659745672751,125.18,8100.99,4
1659745672772,124.88,7999.75,4
1659745672787,124.7,7899.62,1
1659745672800,124.55,7800.61,1
1659745672822,124.39,7702.7,1
1659745672836,124.37,7605.89,5
1659745672850,124.24,7510.15,5
1659745672871,124.11,7415.49,5
1659745672885,124.16,7195.15,5
1659745672899,124.31,6849.13,5
1659745672921,124.56,6378.82,5
1659745672935,124.59,6170.35,5
1659745672955,124.46,6099.54,5
1659745672969,124.17,6073.98,5
1659745672984,124.01,6121.02,5
1659745673005,123.98,6150.67,5
1659745673019,124.0,6173.07,5
1659745673034,124.14,6203.62,5
1659745673055,124.29,6224.77,5
1659745673069,124.46,6254.31,5
1659745673083,124.75,6279.6,5
1659745673104,124.96,6270.35,5
1659745673118,125.18,6285.06,5
1659745673139,125.32,6293.61,5
1659745673153,125.65,6331.52,5
1659745673167,125.86,6309.43,5
1659745673188,126.04,6326.33,5
1659745673203,126.24,6346.73,5
1659745673217,126.51,6364.3,5
1659745673238,126.73,6358.74,5
1659745673252,126.93,6372.52,5
1659745673266,127.08,6386.24,5
1659745673288,127.4,6421.71,5
1659745673301,127.61,6403.72,5
1659745673322,127.78,6417.63,5
1659745673336,128.0,6441.82,5
1659745673350,128.26,6456.8,5
1659745673371,128.48,6453.27,5
1659745673385,128.7,6467.14,5
1659745673406,128.83,6475.58,5
1659745673420,129.13,6513.85,5
1659745673434,129.35,6501.56,5
1659745673455,129.55,6514.1,5
1659745673469,129.72,6529.13,5
1659745673483,130.01,6557.97,5
1659745673504,130.24,6547.68,5
1659745673518,130.41,6558.61,5
1659745673539,130.6,6580.21,5
1659745673553,130.9,6604.56,5
1659745673567,131.1,6589.36,5
1659745673588,131.32,6608.48,5
1659745673603,131.49,6618.53,5
1659745673617,131.75,6645.4,5
1659745673637,131.97,6642.94,5
1659745673651,132.17,6658.51,5
1659745673673,132.34,6671.94,5
1659745673686,132.63,6700.7,5
1659745673700,132.86,6689.42,5
1659745673722,133.04,6701.11,5
1659745673735,133.23,6721.07,5
1659745673750,133.53,6745.45,5
1659745673771,133.74,6731.76,5
1659745673785,133.94,6748.74,5
1659745673806,134.11,6761.15,5
1659745673820,134.39,6791.69,5
1659745673835,134.62,6784.3,5
1659745673856,134.8,6795.02,5
1659745673870,134.97,6814.53,5
1659745673884,135.29,6843.18,5
1659745673905,135.49,6825.53,5
1659745673919,135.69,6843.6,5
1659745673939,135.87,6858.2,5
1659745673953,136.15,6884.36,5
1659745673967,136.37,6876.15,5
1659745673988,136.55,6891.66,5
1659745674002,136.74,6911.45,5
1659745674016,137.03,6933.78,5
1659745674037,137.25,6923.56,5
1659745674052,137.46,6937.36,5
1659745674072,137.61,6948.78,5
1659745674089,137.92,6983.73,5
1659745674101,138.14,6969.92,5
1659745674123,138.33,6981.11,5
1659745674137,138.51,7001.02,5
1659745674151,138.81,7026.37,5
1659745674171,139.03,7012.5,5
1659745674186,139.23,7027.2,5
1659745674200,139.39,7041.87,5
1659745674221,139.7,7074.25,5
1659745674235,139.92,7058.7,5
1659745674256,140.09,7071.25,5
1659745674269,140.3,7094.39,5
1659745674283,140.59,7114.55,5
1659745674304,140.8,7103.65,5
1659745674318,141.02,7119.83,5
1659745674339,141.18,7127.94,5
1659745674353,141.45,7161.99,5
1659745674367,141.69,7155.67,5
1659745674388,141.89,7167.43,5
1659745674402,142.05,7179.85,5
1659745674416,142.35,7213.66,5
1659745674438,142.59,7199.59,5
1659745674451,142.77,7210.38,5
1659745674472,142.95,7228.99,5
1659745674486,143.26,7257.35,5
1659745674500,143.48,7240.1,5
1659745674522,143.67,7256.07,5
1659745674535,143.85,7272.22,5
1659745674549,144.15,7300.41,5
1659745674570,144.37,7288.45,5
1659745674584,144.56,7301.97,5
1659745674605,144.73,7320.81,5
1659745674619,145.04,7348.62,5
1659745674633,145.26,7333.74,5
1659745674654,145.46,7348.56,5
1659745674668,145.63,7364.28,5
1659745674689,145.93,7393.39,5
1659745674704,146.15,7380.31,5
1659745674718,146.35,7395.8,5
1659745674739,146.52,7412.27,5
1659745674753,146.82,7440.38,5
1659745674766,147.05,7427.36,5
1659745674788,147.24,7441.84,5
1659745674802,147.42,7460.28,5
1659745674816,147.72,7486.42,5
1659745674837,147.95,7473.38,5
1659745674851,148.15,7487.74,5
1659745674872,148.32,7502.47,5
1659745674886,148.62,7533.09,5
1659745674900,148.83,7520.05,5
1659745674920,149.04,7536.39,5
1659745674934,149.22,7550.58,5
1659745674955,149.52,7579.14,5
1659745674969,149.73,7567.03,5
1659745674983,149.93,7583.21,5
1659745675004,150.12,7600.99,5
1659745675019,150.41,7625.31,5
1659745675033,150.64,7615.77,5
1659745675053,150.84,7627.77,5
1659745675068,150.99,7642.54,5
1659745675089,151.33,7679.83,5
1659745675103,151.55,7656.36,5
1659745675117,151.73,7673.57,5
1659745675139,151.95,7695.39,5
1659745675152,152.21,7711.64,5
1659745675166,152.44,7708.52,5
1659745675188,152.66,7723.4,5
1659745675202,152.8,7732.78,5
1659745675223,153.12,7773.94,5
1659745675237,153.35,7755.32,5
1659745675251,153.54,7769.65,5
1659745675272,153.74,7788.08,5
1659745675286,154.03,7812.46,5
1659745675301,154.26,7802.22,5
1659745675322,154.46,7816.5,5
1659745675336,154.62,7832.28,5
1659745675350,154.95,7865.58,5
1659745675371,155.17,7846.52,5
1659745675385,155.36,7863.15,5
1659745675406,155.56,7881.37,5
1659745675420,155.85,7906.24,5
1659745675435,156.07,7894.88,5
1659745675455,156.27,7912.72,5
1659745675469,156.46,7927.84,5
1659745675483,156.75,7955.42,5
1659745675504,156.98,7945.59,5
1659745675519,157.19,7960.59,5
1659745675533,157.36,7973.89,5
1659745675554,157.67,8007.83,5
1659745675568,157.9,7992.97,5
1659745675590,158.1,8006.55,5
1659745675604,158.28,8024.57,5
1659745675617,158.6,8052.91,5
1659745675638,158.82,8037.93,5
1659745675652,159.03,8054.56,5
1659745675666,159.2,8069.27,5
1659745675687,159.51,8100.96,5
1659745675701,159.73,8086.28,5
1659745675722,159.93,8103.66,5
1659745675740,160.13,8121.81,5
1659745675754,160.43,8146.13,5
1659745675768,160.65,8135.31,5
1659745675789,160.87,8152.57,5
1659745675803,161.04,8165.62,5
1659745675817,161.34,8197.36,5
1659745675839,161.16,8096.52,5
1659745675853,160.86,7995.33,5
1659745675866,160.58,7895.25,1
1659745675888,160.35,7796.28,1
1659745675902,160.25,7698.43,1
1659745675916,160.04,7601.66,6
1659745675937,159.88,7505.97,6
1659745675951,159.73,7411.35,6
1659745675973,159.69,7191.07,6
1659745675987,159.69,6845.09,6
1659745676001,159.73,6374.82,6
1659745676022,159.73,6293.76,6
1659745676036,159.47,6223.47,6
1659745676050,159.22,6222.78,6
1659745676071,158.97,6233.92,6
1659745676085,158.86,6267.31,6
1659745676099,158.84,6277.82,6
1659745676120,158.79,6284.82,6
1659745676134,158.8,6316.41,6
1659745676155,158.98,6345.08,6
1659745676170,159.07,6328.09,6
1659745676184,159.14,6334.58,6
1659745676205,159.2,6344.04,6
1659745676219,159.39,6359.65,6
1659745676233,159.46,6339.59,6
1659745676255,159.55,6352.36,6
1659745676268,159.59,6355.67,6
1659745676283,159.77,6377.89,6
1659745676304,159.87,6359.67,6
1659745676318,159.93,6363.87,6
1659745676333,159.99,6377.32,6
1659745676354,160.17,6391.69,6
1659745676375,160.26,6373.05,6
1659745676389,160.35,6381.01,6
1659745676403,160.39,6386.36,6
1659745676416,160.55,6407.29,6
1659745676438,160.66,6392.38,6
1659745676452,160.71,6396.6,6
1659745676473,160.77,6409.14,6
1659745676487,160.96,6425.18,6
1659745676502,161.05,6404.77,6
1659745676523,161.13,6413.07,6
1659745676536,161.18,6418.16,6
1659745676550,161.34,6437.9,6
1659745676571,161.44,6424.1,6
1659745676585,161.49,6428.67,6
1659745676599,161.55,6440.79,6
1659745676620,161.74,6457.1,6
1659745676634,161.83,6436.84,6
1659745676655,161.91,6444.67,6
1659745676669,161.96,6449.75,6
1659745676684,162.12,6469.06,6
1659745676705,162.21,6454.73,6
1659745676719,162.27,6460.97,6
1659745676740,162.33,6471.42,6
1659745676753,162.51,6487.48,6
1659745676768,162.6,6470.04,6
1659745676789,162.68,6475.4,6
1659745676803,162.72,6482.65,6
1659745676817,162.9,6503.91,6
1659745676838,162.99,6484.82,6
1659745676853,163.05,6490.96,6
1659745676868,163.11,6501.05,6
1659745676888,163.29,6516.82,6
1659745676902,163.37,6498.59,6
1659745676916,163.44,6508.19,6
1659745676937,163.51,6516.36,6
1659745676951,163.66,6529.73,6
1659745676972,163.75,6517.28,6
1659745676986,163.83,6524.83,6
1659745677000,163.87,6530.56,6
1659745677021,164.04,6550.84,6
1659745677036,164.14,6533.98,6
1659745677050,164.2,6537.2,6
1659745677071,164.25,6547.03,6
1659745677085,164.44,6566.68,6
1659745677106,164.52,6544.84,6
1659745677120,164.59,6552.29,6
1659745677134,164.64,6561.05,6
1659745677155,164.8,6577.36,6
1659745677169,164.9,6562.74,6
1659745677183,164.96,6568.05,6
1659745677204,165.01,6578.23,6
1659745677219,165.19,6597.1,6
1659745677233,165.27,6575.98,6
1659745677255,165.35,6583.57,6
1659745677269,165.4,6590.24,6
1659745677290,165.55,6608.72,6
1659745677304,165.65,6594.19,6
1659745677317,165.71,6598.23,6
1659745677338,165.76,6610.11,6
1659745677353,165.94,6627.34,6
1659745677366,166.02,6605.78,6
1659745677388,166.11,6614.62,6
1659745677402,166.15,6618.22,6
1659745677416,166.3,6636.61,6
1659745677438,166.39,6624.89,6
1659745677452,166.45,6631.61,6
1659745677473,166.51,6640.4,6
1659745677487,166.68,6657.47,6
1659745677501,166.77,6639.4,6
1659745677521,166.84,6644.14,6
1659745677535,166.88,6651.9,6
1659745677549,167.06,6672.84,6
1659745677571,167.15,6651.7,6
1659745677585,167.2,6657.97,6
1659745677599,167.26,6668.5,6
1659745677620,167.42,6683.41,6
1659745677634,167.51,6668.46,6
1659745677655,167.59,6673.58,6
1659745677669,167.6,6679.79,6
1659745677684,167.8,6704.88,6
1659745677705,167.88,6681.81,6
1659745677719,167.93,6688.02,6
1659745677733,168.01,6700.47,6
1659745677755,168.16,6710.77,6
1659745677769,168.24,6696.56,6
1659745677783,168.33,6705.74,6
1659745677804,168.35,6708.04,6
1659745677819,168.5,6730.16,6
1659745677833,168.61,6717.1,6
1659745677853,168.67,6719.42,6
1659745677867,168.7,6727.26,6
1659745677888,168.9,6750.26,6
1659745677903,168.97,6725.59,6
1659745677916,169.04,6733.19,6
1659745677938,169.1,6742.5,6
1659745677952,169.25,6754.87,6
1659745677966,169.33,6740.63,6
1659745677988,169.4,6750.01,6
1659745678002,169.44,6756.71,6
1659745678023,169.6,6774.7,6
1659745678037,169.7,6759.43,6
1659745678051,169.76,6762.66,6
1659745678072,169.79,6770.23,6
1659745678086,169.98,6793.64,6
1659745678100,170.06,6768.6,6
1659745678121,170.12,6776.38,6
1659745678135,170.19,6786.93,6
1659745678156,170.33,6797.76,6
1659745678170,170.41,6785.37,6
1659745678184,170.48,6793.68,6
1659745678206,170.52,6798.59,6
1659745678219,170.68,6820.03,6
1659745678233,170.77,6802.38,6
1659745678255,170.84,6806.51,6
1659745678268,170.87,6814.35,6
1659745678289,171.05,6834.84,6
1659745678305,171.13,6813.7,6
1659745678319,171.19,6819.82,6
1659745678332,171.24,6829.74,6
1659745678353,171.4,6844.89,6
1659745678367,171.49,6829.26,6
1659745678388,171.56,6834.78,6
1659745678402,171.57,6840.32,6
1659745678416,171.76,6865.88,6
1659745678437,171.84,6841.92,6
1659745678451,171.88,6848.1,6
1659745678472,171.96,6861.4,6
1659745678486,172.1,6869.99,6
1659745678501,172.19,6858.69,6
1659745678516,172.28,6864.4,6
1659745678537,172.28,6863.66,6
1659745678551,172.45,6893.28,6
1659745678572,172.54,6874.68,6
1659745678586,172.61,6879.63,6
1659745678600,172.64,6884.91,6
1659745678622,172.8,6904.11,6
1659745678636,172.89,6888.46,6
1659745678650,172.94,6892.79,6
1659745678672,172.99,6902.8,6
1659745678685,173.16,6919.85,6
1659745678699,173.24,6898.44,6
1659745678720,173.32,6907.01,6
1659745678735,173.35,6909.84,6
1659745678756,173.49,6929.84,6
1659745678769,173.58,6916.93,6
1659745678783,173.64,6921.48,6
1659745678805,173.67,6930.03,6
1659745678819,173.85,6950.02,6
1659745678833,173.93,6927.6,6
1659745678854,174.0,6934.77,6
1659745678868,174.05,6941.65,6
1659745678883,174.2,6957.23,6
1659745678903,174.27,6940.86,6
1659745678917,174.34,6950.81,6
1659745678938,174.38,6956.49,6
1659745678952,174.53,6972.48,6
1659745678966,174.62,6959.14,6
1659745678988,174.68,6963.99,6
1659745679002,174.7,6970.62,6
1659745679023,174.89,6992.53,6
1659745679037,174.96,6968.91,6
1659745679051,175.02,6975.83,6
1659745679073,175.08,6984.86,6
1659745679086,175.22,6998.45,6
1659745679100,175.31,6985.0,6
1659745679121,175.37,6989.94,6
1659745679135,175.38,6995.59,6
1659745679156,175.57,7021.48,6
1659745679170,175.65,6995.46,6
1659745679184,175.69,7003.19,6
1659745679205,175.77,7014.35,6
1659745679219,175.9,7022.9,6
1659745679234,175.98,7011.53,6
1659745679254,176.05,7019.68,6
1659745679270,176.06,7021.6,6
1659745679284,176.23,7046.72,6
1659745679305,176.32,7027.8,6
1659745679319,176.37,7031.77,6
1659745679334,176.41,7040.36,6
1659745679355,176.58,7058.17,6
1659745679369,176.66,7038.44,6
1659745679383,176.72,7044.64,6
1659745679404,176.75,7051.22,6
1659745679418,176.91,7069.77,6
1659745679438,176.98,7051.53,6
1659745679452,177.05,7060.81,6
1659745679467,177.1,7065.81,6
1659745679488,177.24,7081.19,6
1659745679502,177.31,7067.15,6
1659745679517,177.38,7075.45,6
1659745679538,177.41,7080.05,6
1659745679552,177.57,7100.27,6
1659745679573,177.66,7081.37,6
1659745679587,177.7,7085.82,6
1659745679601,177.75,7096.7,6
1659745679621,177.91,7110.49,6
1659745679635,177.99,7091.56,6
1659745679649,178.07,7099.9,6
1659745679671,178.09,7100.18,6
1659745679686,178.22,7122.38,6
1659745679699,178.31,7111.51,6
1659745679720,178.38,7114.14,6
1659745679735,178.38,7119.19,6
1659745679755,178.58,7146.46,6
1659745679769,178.65,7117.72,6
1659745679784,178.69,7125.5,6
1659745679805,178.78,7138.2,6
1659745679819,178.89,7142.16,6
1659745679833,178.97,7133.44,6
1659745679854,179.06,7141.79,6
1659745679869,179.05,7138.35,6
1659745679883,179.2,7167.35,6
1659745679904,179.29,7152.0,6
1659745679918,179.37,7155.46,6
1659745679939,179.39,7157.28,6
1659745679953,179.53,7179.45,6
1659745679968,179.62,7164.67,6
1659745679988,179.69,7167.45,6
1659745680002,179.69,7172.1,6
1659745680017,179.89,7197.57,6
1659745680038,179.95,7170.93,6
1659745680052,180.0,7178.59,6
1659745680073,180.07,7189.59,6
1659745680087,180.19,7197.88,6
1659745680101,180.28,7187.59,6
1659745680123,180.36,7192.69,6
1659745680137,180.34,7191.91,6
1659745680151,180.52,7223.65,6
1659745680172,180.59,7199.77,6
1659745680185,180.65,7206.83,6
1659745680200,180.7,7213.41,6
1659745680221,180.84,7227.57,6
1659745680235,180.91,7211.7,6
1659745680256,180.96,7220.78,6
1659745680271,181.02,7230.34,6
1659745680285,181.15,7241.38,6
1659745680306,181.23,7227.27,6
1659745680319,181.32,7232.9,6
1659745680333,181.31,7231.67,6
1659745680354,181.47,7259.86,6
1659745680368,181.55,7240.66,6
1659745680390,181.61,7245.64,6
1659745680404,181.64,7251.0,6
1659745680418,181.79,7270.6,6
1659745680439,181.88,7253.56,6
1659745680453,181.92,7256.93,6
1659745680467,181.95,7266.29,6
1659745680487,182.13,7284.81,6
1659745680503,182.19,7260.8,6
1659745680517,182.26,7271.15,6
1659745680538,182.3,7272.79,6
1659745680552,182.43,7290.34,6
1659745680566,182.49,7277.56,6
1659745680587,182.55,7286.96,6
1659745680601,182.59,7293.86,6
1659745680622,182.73,7308.58,6
1659745680636,182.82,7292.99,6
1659745680650,182.88,7297.0,6
1659745680670,182.89,7301.75,6
1659745680684,183.07,7326.26,6
1659745680701,183.14,7299.89,6
1659745680722,183.18,7307.95,6
1659745680736,183.24,7317.46,6
1659745680750,183.37,7327.28,6
1659745680770,183.44,7315.72,6
1659745680785,183.51,7322.54,6
1659745680805,183.5,7324.69,6
1659745680819,183.69,7352.77,6
1659745680833,183.76,7327.65,6
1659745680854,183.79,7333.7,6
1659745680868,183.86,7345.14,6
1659745680890,183.99,7353.59,6
1659745680904,184.06,7341.01,6
1659745680919,184.15,7347.83,6
1659745680933,184.14,7346.32,6
1659745680953,184.29,7374.75,6
1659745680967,184.37,7355.95,6
1659745680988,184.43,7360.85,6
1659745681003,184.45,7365.71,6
1659745681017,184.6,7385.35,6
1659745681037,184.68,7367.8,6
1659745681051,184.74,7371.98,6
1659745681072,184.75,7378.89,6
1659745681086,184.93,7399.58,6
1659745681100,184.99,7375.76,6
1659745681121,185.05,7384.43,6
1659745681137,185.08,7389.74,6
1659745681151,185.22,7406.88,6
1659745681171,185.3,7391.42,6
1659745681185,185.34,7396.94,6
1659745681199,185.37,7405.38,6
1659745681220,185.54,7423.6,6
1659745681235,185.6,7401.25,6
1659745681256,185.67,7410.05,6
1659745681269,185.69,7412.35,6
1659745681283,185.83,7432.12,6
1659745681305,185.9,7416.93,6
1659745681319,185.94,7422.8,6
1659745681333,185.98,7431.73,6
1659745681354,186.14,7447.46,6
1659745681370,186.2,7427.35,6
1659745681384,186.27,7435.04,6
1659745681405,186.28,7436.22,6
1659745681419,186.42,7458.84,6
1659745681433,186.51,7443.31,6
1659745681454,186.55,7445.99,6
1659745681468,186.57,7454.23,6
1659745681489,186.75,7475.12,6
1659745681503,186.8,7448.96,6
1659745681517,186.87,7459.16,6
1659745681538,186.91,7462.8,6
1659745681553,187.04,7478.22,6
1659745681567,187.09,7462.87,6
1659745681588,187.14,7474.12,6
1659745681602,187.2,7482.86,6
1659745681616,187.32,7491.97,6
1659745681637,187.4,7480.15,6
1659745681651,187.48,7485.33,6
1659745681672,187.46,7484.02,6
1659745681686,187.63,7513.22,6
1659745681700,187.7,7489.82,6
1659745681721,187.75,7495.96,6
1659745681735,187.79,7502.7,6
1659745681756,187.93,7517.6,6
1659745681770,188.0,7501.76,6
1659745681783,188.05,7507.74,6
1659745681799,188.07,7514.28,6
1659745681820,188.23,7534.15,6
1659745681835,188.29,7511.45,6
1659745681856,188.35,7519.66,6
1659745681869,188.37,7523.67,6
1659745681884,188.51,7543.21,6
1659745681905,188.59,7526.46,6
1659745681919,188.63,7530.45,6
1659745681933,188.66,7540.32,6
1659745681953,188.83,7557.26,6
1659745681967,188.88,7534.04,6
1659745681988,188.95,7544.53,6
1659745682003,188.98,7543.58,6
1659745682016,189.1,7561.51,6
1659745682039,189.15,7550.96,6
1659745682053,189.22,7560.5,6
1659745682067,189.24,7563.04,6
1659745682087,189.38,7583.28,6
1659745682101,189.46,7565.2,6
1659745682122,189.5,7568.63,6
1659745682136,189.54,7577.19,6
1659745682150,189.7,7592.89,6
1659745682171,189.75,7570.18,6
1659745682185,189.83,7579.85,6
1659745682205,189.85,7579.22,6
1659745682219,189.97,7598.95,6
1659745682233,190.03,7587.05,6
1659745682249,190.09,7594.23,6
1659745682270,190.1,7598.34,6
1659745682284,190.26,7620.11,6
1659745682306,190.33,7598.41,6
1659745682319,190.37,7603.08,6
1659745682333,190.41,7611.71,6
1659745682355,190.56,7625.93,6
1659745682369,190.62,7606.73,6
1659745682383,190.69,7614.92,6
1659745682403,190.7,7614.34,6
1659745682417,190.84,7636.33,6
1659745682438,190.89,7620.89,6
1659745682452,190.96,7630.16,6
1659745682466,190.98,7632.27,6
1659745682487,191.11,7650.04,6
1659745682503,191.18,7635.47,6
1659745682517,191.23,7641.07,6
1659745682538,191.25,7645.57,6
1659745682552,191.41,7666.13,6
1659745682566,191.48,7642.9,6
1659745682587,191.53,7649.6,6
1659745682601,191.55,7655.63,6
1659745682622,191.7,7672.29,6
1659745682636,191.76,7653.92,6
1659745682650,191.81,7661.09,6
1659745682671,191.83,7665.55,6
1659745682685,191.98,7686.25,6
1659745682705,192.04,7666.62,6
1659745682720,192.09,7673.08,6
1659745682735,192.11,7678.58,6
1659745682756,192.27,7697.33,6
1659745682770,192.32,7676.29,6
1659745682784,192.37,7685.28,6
1659745682805,192.41,7690.19,6
1659745682819,192.54,7704.97,6
1659745682834,192.59,7689.09,6
1659745682855,192.65,7699.0,6
1659745682869,192.68,7700.98,6
1659745682883,192.8,7719.54,6
1659745682905,192.88,7704.95,6
1659745682919,192.93,7708.48,6
1659745682933,192.93,7712.68,6
1659745682954,193.11,7737.46,6
1659745682967,193.16,7709.36,6
1659745682989,193.2,7718.23,6
1659745683003,193.26,7725.95,6
1659745683017,193.38,7735.45,6
1659745683038,193.43,7722.92,6
1659745683052,193.5,7731.9,6
1659745683066,193.49,7733.44,6
1659745683087,193.65,7758.59,6
1659745683101,193.72,7736.22,6
1659745683122,193.75,7741.1,6
1659745683136,193.79,7750.21,6
1659745683150,193.93,7763.45,6
1659745683171,193.99,7744.92,6
1659745683185,194.06,7752.98,6
1659745683200,194.06,7752.01,6
1659745683221,194.19,7776.52,6
1659745683235,194.27,7760.81,6
1659745683249,194.31,7764.85,6
1659745683270,194.31,7769.8,6
1659745683284,194.49,7793.1,6
1659745683305,194.54,7766.88,6
1659745683319,194.58,7774.97,6
1659745683333,194.63,7782.21,6
1659745683354,194.75,7793.93,6
1659745683368,194.82,7780.81,6
1659745683389,194.88,7786.52,6
1659745683403,194.85,7787.72,6
1659745683417,195.04,7817.82,6
1659745683433,195.09,7788.56,6
1659745683454,195.12,7796.88,6
1659745683468,195.19,7807.4,6
1659745683489,195.29,7812.21,6
1659745683503,195.35,7802.3,6
1659745683517,195.43,7810.69,6
1659745683538,195.41,7806.96,6
1659745683553,195.55,7835.97,6
1659745683567,195.62,7817.22,6
1659745683587,195.68,7822.0,6
1659745683601,195.68,7824.18,6
1659745683622,195.83,7846.96,6
1659745683636,195.9,7826.1,6
1659745683650,195.93,7830.45,6
1659745683671,195.96,7838.76,6
1659745683685,196.12,7854.09,6
1659745683701,196.16,7832.79,6
1659745683722,196.24,7842.41,6
1659745683735,196.24,7841.05,6
1659745683749,196.36,7863.31,6
1659745683770,196.43,7849.92,6
1659745683784,196.48,7854.4,6
1659745683805,196.47,7858.5,6
1659745683819,196.65,7882.97,6
1659745683834,196.7,7855.71,6
1659745683855,196.74,7863.7,6
1659745683868,196.79,7871.24,6
1659745683889,196.91,7881.46,6
1659745683903,196.96,7866.49,6
1659745683917,197.03,7876.31,6
1659745683933,197.02,7876.18,6
1659745683955,197.16,7899.58,6
1659745683968,197.23,7882.91,6
1659745683989,197.28,7886.34,6
1659745684003,197.27,7890.85,6
1659745684017,197.45,7914.56,6
1659745684038,197.5,7887.25,6
1659745684052,197.54,7895.92,6
1659745684066,197.58,7902.77,6
1659745684087,197.71,7914.0,6
1659745684101,197.75,7898.78,6
1659745684123,197.81,7909.12,6
1659745684136,197.82,7910.32,6
1659745684150,197.94,7931.11,6
1659745684171,198.02,7915.53,6
1659745684186,198.07,7919.01,6
1659745684200,198.06,7922.22,6
1659745684221,198.24,7948.21,6
1659745684235,198.28,7919.1,6
1659745684256,198.32,7927.93,6
1659745684270,198.38,7936.49,6
1659745684284,198.48,7943.82,6
1659745684305,198.54,7932.36,6
1659745684319,198.61,7941.06,6
1659745684333,198.58,7939.16,6
1659745684354,198.73,7967.4,6
1659745684368,198.8,7945.96,6
1659745684389,198.84,7951.04,6
1659745684404,198.86,7956.64,6
1659745684418,199.01,7974.33,6
1659745684440,199.06,7953.75,6
1659745684453,199.11,7960.76,6
1659745684467,199.12,7965.29,6
1659745684488,199.27,7984.11,6
1659745684502,199.32,7962.72,6
1659745684516,199.37,7972.27,6
1659745684537,199.39,7975.47,6
1659745684550,199.52,7991.0,6
1659745684572,199.56,7975.43,6
1659745684585,199.62,7985.34,6
1659745684599,199.63,7985.65,6
1659745684620,199.76,8006.19,6
1659745684635,199.83,7990.03,6
1659745684655,199.87,7993.81,6
1659745684669,199.88,7998.9,6
1659745684683,200.04,8020.02,6
1659745684700,200.09,7993.45,6
1659745684721,200.14,8002.97,6
1659745684735,200.16,8006.29,6
1659745684756,200.29,8022.03,6
1659745684770,200.34,8006.35,6
1659745684783,200.38,8014.74,6
1659745684804,200.4,8020.25,6
1659745684818,200.54,8037.53,6
1659745684839,200.6,8017.86,6
1659745684853,200.65,8024.39,6
1659745684867,200.64,8026.07,6
1659745684888,200.8,8050.19,6
1659745684902,200.85,8027.16,6
1659745684916,200.88,8033.04,6
1659745684937,200.92,8041.53,6
1659745684951,201.05,8054.81,6
1659745684967,201.1,8036.62,6
1659745684987,201.17,8044.94,6
1659745685001,201.15,8042.91,6
1659745685022,201.28,8068.45,6
1659745685036,201.35,8051.62,6
1659745685050,201.4,8055.73,6
1659745685071,201.39,8059.47,6
1659745685086,201.56,8083.72,6
1659745685100,201.61,8056.43,6
1659745685121,201.64,8064.75,6
1659745685135,201.68,8071.97,6
1659745685157,201.79,8082.48,6
1659745685171,201.85,8069.39,6
1659745685185,201.92,8075.94,6
1659745685206,201.88,8074.77,6
1659745685220,202.05,8105.27,6
1659745685234,202.1,8078.0,6
1659745685255,202.13,8085.9,6
1659745685269,202.18,8093.44,6
1659745685284,202.29,8103.18,6
1659745685305,202.35,8090.09,6
1659745685319,202.41,8096.82,6
1659745685333,202.38,8096.6,6
1659745685355,202.55,8125.84,6
1659745685369,202.6,8098.06,6
1659745685390,202.62,8105.83,6
1659745685406,202.68,8114.45,6
1659745685418,202.79,8122.81,6
1659745685432,202.84,8109.9,6
1659745685454,202.91,8117.06,6
1659745685468,202.88,8114.12,6
1659745685489,203.03,8143.74,6
1659745685503,203.08,8121.08,6
1659745685517,203.13,8127.55,6
1659745685537,203.14,8131.45,6
1659745685552,203.27,8149.83,6
1659745685572,203.34,8131.46,6
1659745685586,203.37,8136.11,6
1659745685600,203.38,8141.63,6
1659745685621,203.54,8162.06,6
1659745685635,203.58,8136.15,6
1659745685657,203.63,8146.66,6
1659745685671,203.65,8147.76,6
1659745685685,203.77,8164.29,6
1659745685706,203.81,8149.84,6
1659745685720,203.86,8159.45,6
1659745685734,203.86,8162.4,6
1659745685755,204.01,8181.9,6
1659745685769,204.06,8160.37,6
1659745685783,204.09,8168.33,6
1659745685804,204.12,8173.79,6
1659745685819,204.25,8187.5,6
1659745685833,204.3,8170.46,6
1659745685854,204.36,8176.73,6
1659745685868,204.34,8176.95,6
1659745685888,204.49,8202.9,6
1659745685903,204.55,8179.32,6
1659745685917,204.58,8186.33,6
1659745685938,204.6,8191.67,6
1659745685953,204.74,8207.75,6
1659745685967,204.79,8188.79,6
1659745685987,204.83,8196.48,6
1659745686001,204.83,8199.51,6
1659745686022,204.97,8221.07,6
1659745686036,205.03,8199.14,6
1659745686052,205.06,8205.6,6
1659745686066,205.08,8211.19,6
1659745686087,205.22,8228.77,6
1659745686101,205.26,8207.84,6
1659745686123,205.32,8215.65,6
1659745686136,205.31,8217.07,6
1659745686151,205.45,8238.31,6
1659745686172,205.49,8218.38,6
1659745686185,205.54,8227.38,6
1659745686199,205.55,8230.61,6
1659745686220,205.68,8248.71,6
1659745686234,205.74,8229.22,6
1659745686256,205.77,8236.27,6
1659745686270,205.79,8241.5,6
1659745686284,205.92,8258.61,6
1659745686304,205.97,8237.83,6
1659745686318,206.03,8245.36,6
1659745686333,206.02,8246.17,6
1659745686354,206.15,8269.2,6
1659745686369,206.21,8248.99,6
1659745686389,206.25,8254.42,6
1659745686404,206.25,8259.78,6
1659745686418,206.4,8278.98,6
1659745686439,206.44,8255.83,6
1659745686453,206.49,8264.49,6
1659745686467,206.49,8266.68,6
1659745686488,206.63,8286.95,6
1659745686503,206.68,8266.39,6
1659745686517,206.71,8274.54,6
1659745686538,206.73,8280.85,6
1659745686551,206.86,8295.31,6
1659745686573,206.91,8277.56,6
1659745686586,206.97,8284.36,6
1659745686600,206.94,8283.4,6
1659745686621,207.09,8310.07,6
1659745686636,207.14,8286.9,6
1659745686650,207.18,8293.38,6
1659745686672,207.19,8298.88,6
1659745686686,207.32,8315.05,6
1659745686701,207.38,8296.15,6
1659745686721,207.42,8302.8,6
1659745686735,207.41,8304.45,6
1659745686749,207.56,8329.75,6
1659745686770,207.61,8303.83,6
1659745686784,207.63,8311.55,6
1659745686805,207.67,8318.98,6
1659745686819,207.78,8330.6,6
1659745686833,207.84,8315.27,6
1659745686854,207.9,8322.12,6
1659745686868,207.86,8319.56,6
1659745686889,208.01,8348.99,6
1659745686904,208.06,8325.12,6
1659745686919,208.1,8332.19,6
1659745686940,208.11,8336.59,6
1659745686954,208.24,8353.42,6
1659745686968,208.3,8335.55,6
1659745686989,208.33,8340.52,6
1659745687003,208.32,8344.27,6
1659745687016,208.49,8367.5,6
1659745687037,208.52,8339.54,6
1659745687051,208.56,8350.12,6
1659745687072,208.58,8353.17,6
1659745687086,208.7,8368.44,6
1659745687101,208.74,8351.82,6
1659745687122,208.77,8361.33,6
1659745687136,208.8,8366.51,6
1659745687150,208.92,8381.77,6
1659745687171,208.97,8363.73,6
1659745687185,209.03,8370.0,6
1659745687200,209.0,8369.25,6
1659745687221,209.15,8396.3,6
1659745687235,209.2,8370.94,6
1659745687249,209.23,8377.82,6
1659745687270,209.26,8384.7,6
1659745687284,209.37,8397.35,6
1659745687305,209.43,8381.11,6
1659745687319,209.48,8387.76,6
1659745687333,209.45,8386.26,6
1659745687354,209.6,8414.95,6
1659745687368,209.65,8389.39,6
1659745687389,209.68,8397.06,6
1659745687403,209.71,8402.64,6
1659745687417,209.82,8416.24,6
1659745687438,209.87,8399.75,6
1659745687451,209.92,8406.45,6
1659745687473,209.89,8407.17,6
1659745687487,210.06,8434.53,6
1659745687503,210.1,8406.38,6
1659745687517,210.12,8414.56,6
1659745687537,210.16,8422.61,6
1659745687552,210.26,8431.27,6
1659745687566,210.32,8418.51,6
1659745687588,210.39,8424.84,6
1659745687602,210.34,8420.29,6
1659745687623,210.49,8451.9,6
1659745687636,210.53,8427.54,6
1659745687650,210.58,8435.53,6
1659745687671,210.58,8437.05,6
1659745687685,210.71,8455.69,6
1659745687706,210.76,8437.7,6
1659745687720,210.78,8444.07,6
1659745687734,210.8,8449.69,6
1659745687755,210.94,8466.11,6
1659745687769,210.98,8443.29,6
1659745687783,211.04,8452.89,6
1659745687806,211.02,8450.58,6
1659745687820,211.14,8473.47,6
1659745687834,211.2,8457.12,6
1659745687855,211.23,8461.8,6
1659745687869,211.22,8465.81,6
1659745687883,211.38,8488.15,6
1659745687904,211.42,8460.43,6
1659745687918,211.46,8470.3,6
1659745687939,211.48,8473.18,6
1659745687953,211.59,8488.31,6
1659745687967,211.63,8471.58,6
1659745687988,211.67,8479.96,6
1659745688003,211.67,8483.92,6
1659745688016,211.81,8503.08,6
1659745688037,211.85,8480.76,6
1659745688051,211.9,8488.53,6
1659745688072,211.89,8489.72,6
1659745688086,212.02,8512.16,6
1659745688102,212.07,8490.44,6
1659745688122,212.1,8495.81,6
1659745688136,212.11,8502.97,6
1659745688150,212.25,8518.42,6
1659745688171,212.28,8495.96,6
1659745688185,212.35,8506.47,6
1659745688206,212.34,8502.99,6
1659745688220,212.44,8524.92,6
1659745688234,212.49,8510.71,6
1659745688255,212.53,8518.03,6
1659745688269,212.52,8518.88,6
1659745688283,212.66,8541.88,6
1659745688304,212.71,8518.84,6
1659745688318,212.74,8525.22,6
1659745688339,212.75,8528.86,6
1659745688353,212.89,8546.12,6
1659745688367,212.93,8523.76,6
1659745688387,212.97,8533.07,6
1659745688401,212.97,8534.44,6
1659745688422,213.1,8553.19,6
1659745688439,213.13,8533.77,6
1659745688453,213.18,8543.44,6
1659745688467,213.18,8545.26,6
1659745688489,213.3,8564.26,6
1659745688503,213.35,8545.06,6
1659745688517,213.39,8550.92,6
1659745688538,213.38,8554.63,6
1659745688553,213.53,8574.97,6
1659745688567,213.57,8549.84,6
1659745688588,213.61,8559.0,6
1659745688602,213.61,8560.7,6
1659745688623,213.74,8579.03,6
1659745688637,213.78,8560.13,6
1659745688651,213.81,8568.47,6
1659745688672,213.81,8571.84,6
1659745688686,213.94,8591.12,6
1659745688700,213.99,8569.9,6
1659745688721,214.03,8576.6,6
1659745688735,214.02,8578.98,6
1659745688756,214.16,8600.87,6
1659745688770,214.2,8576.59,6
1659745688784,214.23,8584.38,6
1659745688805,214.24,8588.65,6
1659745688819,214.37,8605.81,6
1659745688833,214.4,8584.91,6
1659745688855,214.45,8594.62,6
1659745688868,214.45,8596.0,6
1659745688889,214.57,8613.58,6
1659745688903,214.61,8595.52,6
1659745688917,214.66,8605.12,6
1659745688938,214.64,8603.76,6
1659745688953,214.76,8626.19,6
1659745688966,214.82,8608.21,6
1659745688988,214.85,8612.28,6
1659745689002,214.84,8616.19,6
1659745689023,215.0,8637.48,6
1659745689038,215.03,8609.26,6
1659745689052,215.07,8619.84,6
1659745689066,215.08,8621.14,6
1659745689087,215.2,8637.23,6
1659745689101,215.23,8620.42,6
1659745689122,215.26,8629.96,6
1659745689136,215.27,8633.66,6
1659745689150,215.39,8651.09,6
1659745689171,215.44,8631.01,6
1659745689185,215.48,8637.69,6
1659745689199,215.46,8638.05,6
1659745689221,215.61,8662.99,6
1659745689235,215.65,8637.25,6
1659745689255,215.67,8644.22,6
1659745689269,215.7,8651.54,6
1659745689284,215.81,8663.02,6
1659745689305,215.85,8645.56,6
1659745689319,215.92,8654.27,6
1659745689333,215.88,8649.34,6
1659745689354,216.0,8676.33,6
1659745689369,216.05,8658.13,6
1659745689383,216.09,8664.76,6
1659745689405,216.08,8664.67,6
1659745689419,216.21,8688.11,6
1659745689439,216.26,8666.01,6
1659745689453,216.29,8671.45,6
1659745689467,216.29,8675.21,6
1659745689488,216.43,8694.06,6
1659745689503,216.46,8669.96,6
1659745689517,216.51,8679.08,6
1659745689537,216.5,8679.72,6
1659745689551,216.63,8700.43,6
1659745689572,216.66,8679.41,6
1659745689586,216.69,8688.05,6
1659745689600,216.7,8691.86,6
1659745689622,216.82,8709.05,6
1659745689635,216.87,8689.63,6
1659745689650,216.91,8696.1,6
1659745689670,216.88,8696.89,6
1659745689685,217.03,8721.4,6
1659745689700,217.07,8695.43,6
1659745689721,217.1,8703.75,6
1659745689735,217.11,8707.78,6
1659745689755,217.23,8723.26,6
1659745689769,217.26,8703.05,6
1659745689784,217.3,8714.03,6
1659745689806,217.31,8715.09,6
1659745689820,217.42,8732.27,6
1659745689833,217.46,8715.36,6
1659745689855,217.5,8722.93,6
1659745689869,217.48,8722.61,6
1659745689883,217.62,8747.39,6
1659745689904,217.67,8722.64,6
1659745689918,217.69,8729.17,6
1659745689933,217.7,8734.35,6
1659745689953,217.83,8749.04,6
1659745689967,217.86,8728.81,6
1659745689988,217.91,8737.52,6
1659745690003,217.88,8735.4,6
1659745690016,218.02,8762.21,6
1659745690038,218.04,8736.63,6
1659745690052,217.92,8622.15,6
1659745690066,217.55,8539.27,6
1659745690087,217.27,8524.6,6
1659745690101,216.91,8484.65,6
1659745690122,216.52,8468.78,6
1659745690136,216.29,8579.14,6
1659745690150,216.29,8651.22,6
1659745690171,216.34,8665.62,6
1659745690185,216.36,8668.05,6
1659745690206,216.36,8674.8,6
1659745690220,216.48,8692.77,6
1659745690234,216.49,8673.7,6
1659745690255,216.54,8688.2,6
1659745690269,216.52,8685.73,6
1659745690283,216.68,8710.73,6
1659745690304,216.71,8682.18,6
1659745690318,216.74,8691.98,6
1659745690339,216.75,8693.93,6
1659745690353,216.88,8710.83,6
1659745690366,216.92,8689.31,6
1659745690388,216.95,8697.03,6
1659745690402,216.94,8698.35,6
1659745690423,217.08,8720.67,6
1659745690439,217.11,8696.92,6
1659745690453,217.14,8706.12,6
1659745690467,217.15,8709.56,6
1659745690488,217.28,8726.18,6
1659745690502,217.3,8704.67,6
1659745690516,217.33,8716.04,6
1659745690537,217.35,8718.66,6
1659745690551,217.46,8732.84,6
1659745690573,217.5,8716.1,6
1659745690586,217.54,8724.75,6
1659745690600,217.52,8723.91,6
1659745690621,217.65,8746.82,6
1659745690635,217.7,8725.47,6
1659745690649,217.73,8731.8,6
1659745690671,217.72,8733.68,6
1659745690685,217.87,8755.6,6
1659745690705,217.89,8728.74,6
1659745690719,217.77,8612.93,6
1659745690733,217.41,8530.22,6
1659745690754,217.12,8514.56,6
1659745690768,216.75,8476.52,6
1659745690784,216.35,8462.13,6
1659745690805,216.12,8574.18,6
1659745690820,216.14,8648.5,6
1659745690833,216.18,8656.77,6
1659745690855,216.19,8661.13,6
1659745690869,216.21,8671.71,6
1659745690890,216.35,8682.54,6
1659745690904,216.33,8660.34,6
1659745690918,216.36,8682.42,6
1659745690939,216.41,8685.01,6
1659745690953,216.51,8691.78,6
1659745690967,216.52,8676.24,6
1659745690988,216.6,8690.83,6
1659745691002,216.58,8681.65,6
1659745691016,216.68,8705.36,6
1659745691037,216.74,8692.0,6
1659745691051,216.79,8695.35,6
1659745691072,216.75,8692.62,6
1659745691086,216.91,8720.49,6
1659745691100,216.94,8693.0,6
1659745691120,216.98,8700.93,6
1659745691134,216.99,8704.03,6
1659745691155,217.11,8718.73,6
1659745691171,217.15,8701.01,6
1659745691185,217.18,8707.9,6
1659745691206,217.16,8710.33,6
1659745691220,217.32,8733.22,6
1659745691234,217.35,8705.33,6
1659745691255,217.38,8715.61,6
1659745691269,217.39,8718.05,6
1659745691283,217.5,8733.96,6
1659745691304,217.54,8716.16,6
1659745691318,217.57,8724.68,6
1659745691340,217.57,8728.61,6
1659745691354,217.7,8746.62,6
1659745691368,217.74,8724.42,6
1659745691389,217.78,8732.58,6
1659745691403,217.76,8732.48,6
1659745691417,217.89,8755.81,6
1659745691438,217.92,8732.34,6
1659745691453,217.8,8615.2,6
1659745691466,217.43,8533.07,6
1659745691488,217.14,8519.06,6
1659745691501,216.78,8479.58,6
1659745691516,216.39,8463.73,6
1659745691537,216.17,8574.44,6
1659745691551,216.16,8645.38,6
1659745691573,216.21,8661.16,6
1659745691587,216.24,8662.8,6
1659745691600,216.23,8669.42,6
1659745691622,216.35,8688.73,6
1659745691635,216.37,8669.55,6
1659745691649,216.42,8682.2,6
1659745691671,216.38,8679.61,6
1659745691685,216.56,8707.29,6
1659745691705,216.58,8674.68,6
1659745691719,216.61,8686.35,6
1659745691733,216.64,8689.38,6
1659745691754,216.74,8701.16,6
1659745691768,216.79,8685.62,6
1659745691789,216.83,8692.07,6
1659745691804,216.78,8691.51,6
1659745691818,216.95,8721.39,6
1659745691838,216.98,8689.95,6
1659745691852,216.99,8699.89,6
1659745691866,217.05,8707.77,6
1659745691889,217.13,8712.92,6
1659745691903,217.17,8701.17,6
1659745691918,217.23,8710.47,6
1659745691939,217.19,8705.15,6
1659745691953,217.32,8734.52,6
1659745691966,217.36,8712.78,6
1659745691987,217.4,8719.05,6
1659745692001,217.38,8719.99,6
1659745692022,217.53,8742.93,6
1659745692036,217.57,8718.4,6
1659745692050,217.58,8724.22,6
1659745692071,217.61,8731.57,6
1659745692085,217.73,8743.71,6
1659745692099,217.76,8722.91,6
1659745692120,217.83,8733.77,6
1659745692134,217.8,8727.4,6
1659745692155,217.89,8751.6,6
1659745692169,217.94,8739.61,6
1659745692183,217.84,8620.45,6
1659745692204,217.44,8530.37,6
1659745692218,217.16,8522.78,6
1659745692239,216.8,8484.44,6
1659745692255,216.39,8466.21,6
1659745692270,216.19,8582.92,6
1659745692285,216.19,8646.47,6
1659745692306,216.24,8660.35,6
1659745692319,216.27,8662.42,6
1659745692333,216.25,8668.39,6
1659745692354,216.38,8690.77,6
1659745692368,216.4,8668.7,6
1659745692389,216.44,8681.11,6
1659745692404,216.42,8681.52,6
1659745692417,216.58,8704.79,6
1659745692438,216.6,8674.21,6
1659745692453,216.65,8687.28,6
1659745692467,216.65,8686.0,6
1659745692488,216.77,8704.91,6
1659745692502,216.8,8685.01,6
1659745692523,216.82,8694.11,6
1659745692537,216.84,8701.15,6
1659745692551,216.96,8712.09,6
1659745692571,216.99,8694.39,6
1659745692585,217.06,8702.73,6
1659745692601,217.02,8697.26,6
1659745692623,217.14,8724.3,6
1659745692636,217.19,8705.84,6
1659745692650,217.23,8711.24,6
1659745692671,217.2,8710.93,6
1659745692685,217.35,8737.07,6
1659745692706,217.39,8710.59,6
1659745692720,217.41,8717.61,6
1659745692734,217.44,8724.13,6
1659745692755,217.55,8735.4,6
1659745692769,217.58,8717.51,6
1659745692783,217.64,8726.11,6
1659745692805,217.6,8721.48,6
1659745692819,217.73,8749.66,6
1659745692833,217.77,8728.81,6
1659745692853,217.81,8735.91,6
1659745692867,217.79,8737.03,6
1659745692888,217.93,8760.16,6
1659745692902,217.96,8732.29,6
1659745692916,217.83,8617.23,6
1659745692937,217.47,8535.15,6
1659745692951,217.18,8519.21,6
1659745692973,216.82,8479.79,6
1659745692988,216.43,8465.0,6
1659745693002,216.19,8574.08,6
1659745693016,216.19,8648.29,6
1659745693037,216.24,8662.33,6
1659745693051,216.27,8665.67,6
1659745693072,216.28,8669.6,6
1659745693087,216.38,8683.96,6
1659745693101,216.37,8670.34,6
1659745693122,216.46,8689.01,6
1659745693136,216.43,8679.31,6
1659745693150,216.55,8705.03,6
1659745693171,216.58,8684.38,6
1659745693185,216.63,8694.02,6
1659745693205,216.62,8691.91,6
1659745693219,216.76,8713.62,6
1659745693233,216.81,8688.35,6
1659745693254,216.83,8693.48,6
1659745693268,216.85,8699.96,6
1659745693289,216.98,8713.07,6
1659745693303,217.01,8690.76,6
1659745693319,217.07,8701.73,6
1659745693333,217.05,8697.22,6
1659745693354,217.15,8720.01,6
1659745693368,217.19,8706.18,6
1659745693389,217.23,8712.7,6
1659745693403,217.2,8712.44,6
1659745693417,217.35,8738.7,6
1659745693438,217.39,8711.57,6
1659745693452,217.41,8718.6,6
1659745693466,217.44,8724.42,6
1659745693487,217.55,8735.63,6
1659745693501,217.59,8717.62,6
1659745693522,217.64,8726.35,6
1659745693536,217.61,8722.77,6
1659745693550,217.73,8750.21,6
1659745693571,217.78,8728.69,6
1659745693585,217.65,8609.58,6
1659745693606,217.28,8526.45,6
1659745693621,216.99,8512.67,6
1659745693636,216.64,8473.98,6
1659745693649,216.23,8457.76,6
1659745693670,216.01,8571.63,6
1659745693684,216.03,8642.47,6
1659745693705,216.07,8650.84,6
1659745693719,216.07,8654.65,6
1659745693733,216.1,8667.17,6
1659745693754,216.22,8676.74,6
1659745693768,216.21,8657.21,6
1659745693789,216.26,8675.54,6
1659745693803,216.25,8673.82,6
1659745693817,216.38,8695.24,6
1659745693837,216.42,8671.97,6
1659745693851,216.46,8680.73,6
1659745693872,216.44,8681.16,6
1659745693886,216.6,8703.53,6
1659745693900,216.63,8676.3,6
1659745693921,216.65,8684.99,6
1659745693935,216.67,8689.76,6
1659745693956,216.78,8703.4,6
1659745693971,216.82,8685.32,6
1659745693985,216.86,8694.33,6
1659745694005,216.84,8694.64,6
1659745694019,216.97,8718.04,6
1659745694033,217.01,8695.52,6
1659745694050,217.04,8702.21,6
1659745694071,217.04,8706.25,6
1659745694085,217.17,8724.38,6
1659745694106,217.21,8701.35,6
1659745694119,217.25,8709.75,6
1659745694133,217.23,8710.9,6
1659745694154,217.37,8732.19,6
1659745694168,217.4,8709.8,6
1659745694183,217.42,8718.47,6
1659745694204,217.44,8722.96,6
1659745694218,217.56,8738.31,6
1659745694239,217.59,8718.23,6
1659745694253,217.64,8726.95,6
1659745694267,217.62,8726.15,6
1659745694288,217.74,8748.07,6
1659745694302,217.78,8728.04,6
1659745694323,217.82,8736.38,6
1659745694337,217.8,8736.76,6
1659745694351,217.94,8759.78,6
1659745694372,217.96,8733.47,6
1659745694386,217.83,8618.12,6
1659745694400,217.47,8536.12,6
1659745694421,217.18,8520.57,6
1659745694435,216.82,8480.78,6
1659745694451,216.44,8465.64,6
1659745694472,216.21,8574.31,6
1659745694486,216.19,8646.19,6
1659745694500,216.24,8664.43,6
1659745694521,216.28,8665.8,6
1659745694535,216.27,8668.36,6
1659745694549,216.37,8687.44,6
1659745694571,216.38,8674.11,6
1659745694585,216.47,8687.59,6
1659745694606,216.42,8675.89,6
1659745694620,216.55,8707.22,6
1659745694634,216.59,8685.4,6
1659745694655,216.66,8692.34,6
1659745694669,216.63,8686.58,6
1659745694683,216.76,8711.53,6
1659745694704,216.8,8688.95,6
1659745694718,216.85,8695.74,6
1659745694739,216.83,8694.72,6
1659745694753,216.96,8716.13,6
1659745694767,217.0,8696.47,6
1659745694783,217.04,8702.56,6
1659745694803,217.01,8703.72,6
1659745694817,217.17,8728.28,6
1659745694838,217.2,8700.01,6
1659745694852,217.22,8709.13,6
1659745694866,217.25,8714.52,6
1659745694887,217.36,8726.1,6
1659745694901,217.38,8707.99,6
1659745694922,217.43,8719.4,6
1659745694936,217.42,8717.55,6
1659745694950,217.53,8738.16,6
1659745694971,217.57,8722.27,6
1659745694986,217.61,8727.8,6
1659745695000,217.58,8727.6,6
1659745695021,217.74,8754.04,6
1659745695035,217.77,8724.43,6
1659745695056,217.64,8607.89,6
1659745695070,217.29,8526.57,6
1659745695084,216.99,8507.6,6
1659745695106,216.62,8470.05,6
1659745695120,216.22,8458.39,6
1659745695133,216.0,8569.36,6
1659745695154,215.99,8640.34,6
1659745695168,216.05,8656.09,6
1659745695189,216.06,8656.16,6
1659745695204,216.05,8664.28,6
1659745695218,216.19,8684.58,6
1659745695239,216.2,8659.94,6
1659745695253,216.24,8673.34,6
1659745695267,216.24,8674.76,6
1659745695288,216.38,8693.14,6
1659745695302,216.4,8667.74,6
1659745695323,216.46,8679.63,6
1659745695337,216.44,8675.36,6
1659745695351,216.56,8699.95,6
1659745695371,216.61,8680.65,6
1659745695385,216.63,8685.03,6
1659745695399,216.62,8689.73,6
1659745695420,216.78,8710.32,6
1659745695435,216.8,8681.92,6
1659745695456,216.84,8693.29,6
1659745695470,216.85,8694.38,6
1659745695484,216.96,8710.07,6
1659745695505,216.98,8692.58,6
1659745695519,217.01,8703.27,6
1659745695535,217.02,8707.18,6
1659745695556,217.14,8722.45,6
1659745695569,217.18,8703.79,6
1659745695583,217.22,8710.42,6
1659745695605,217.19,8709.85,6
1659745695619,217.34,8736.74,6
1659745695633,217.38,8708.29,6
1659745695654,217.39,8715.95,6
1659745695668,217.43,8724.3,6
1659745695690,217.53,8731.89,6
1659745695704,217.57,8717.6,6
1659745695718,217.63,8725.52,6
1659745695739,217.59,8718.32,6
1659745695753,217.7,8748.55,6
1659745695767,217.74,8729.61,6
1659745695788,217.8,8736.71,6
1659745695801,217.78,8733.02,6
1659745695823,217.89,8756.65,6
1659745695837,217.93,8737.71,6
1659745695851,217.82,8619.69,6
1659745695872,217.43,8531.14,6
1659745695886,217.15,8521.9,6
1659745695900,216.79,8480.92,6
1659745695922,216.37,8464.23,6
1659745695936,216.18,8581.81,6
1659745695950,216.17,8645.95,6
1659745695971,216.22,8658.55,6
1659745695985,216.26,8662.57,6
1659745696006,216.25,8663.77,6
1659745696020,216.35,8682.47,6
1659745696034,216.35,8669.53,6
1659745696055,216.43,8686.3,6
1659745696069,216.39,8676.15,6
1659745696083,216.52,8704.14,6
1659745696104,216.55,8682.57,6
1659745696118,216.61,8692.79,6
1659745696139,216.6,8688.55,6
1659745696153,216.72,8708.42,6
1659745696167,216.76,8689.28,6
1659745696188,216.8,8694.9,6
1659745696202,216.78,8696.01,6
1659745696216,216.93,8718.65,6
1659745696237,216.97,8691.14,6
1659745696251,216.99,8699.77,6
1659745696272,217.01,8704.51,6
1659745696287,217.13,8717.71,6
1659745696301,217.15,8698.38,6
1659745696322,217.2,8708.93,6
1659745696336,217.19,8707.92,6
1659745696350,217.3,8728.51,6
1659745696371,217.34,8711.39,6
1659745696385,217.38,8718.0,6
1659745696399,217.35,8718.15,6
1659745696421,217.5,8744.09,6
1659745696435,217.54,8716.16,6
1659745696455,217.55,8723.33,6
1659745696470,217.59,8731.04,6
1659745696484,217.69,8739.61,6
1659745696505,217.73,8723.77,6
